model,outcome,scale,formula,n,events_sum,beta,se,ratio,ci_low,ci_high,p_value,aic,converged,alpha_nb2
"Poisson: area offset, state FE",events,incidence rate ratio,events ~ forest10 + C(state),289,3763,0.5848603158740834,0.11788537047217763,1.7947402714038498,1.4244834196125442,2.2612356152765143,7.003632034559462e-07,5404.897317470131,True,
Poisson: area + population density,events,incidence rate ratio,events ~ forest10 + log_density + C(state),289,3763,0.22516838271902942,0.1136652347945134,1.2525336034503058,1.0023914712439623,1.5650975420065032,0.047593688291927616,4275.707260344989,True,
Poisson: full baseline controls,events,incidence rate ratio,events ~ forest10 + log_density + st10 + sc10 + literacy10 + C(state),289,3763,0.26689838942156646,0.1199453046815926,1.305907745547461,1.032321254905791,1.6520003165453427,0.026069998162449294,4092.37431250415,True,
Poisson: area + terrain controls,events,incidence rate ratio,events ~ forest10 + terrain_elev100 + terrain_relief100 + C(state),289,3763,0.6510462339884182,0.08760571795456744,1.9175459816819456,1.615011668874317,2.276752956483267,1.0733277821847363e-13,5051.180828875664,True,
Poisson: full controls + terrain,events,incidence rate ratio,events ~ forest10 + log_density + st10 + sc10 + literacy10 + terrain_elev100 + terrain_relief100 + C(state),289,3763,0.31225501785241494,0.12872451581961178,1.3665031312924631,1.0617936523143827,1.758656970459281,0.015276291635311313,3978.6913204837165,True,
"Poisson: full controls + terrain, area-consistent units",events,incidence rate ratio,events ~ forest10 + log_density + st10 + sc10 + literacy10 + terrain_elev100 + terrain_relief100 + C(state),266,3647,0.26767535293827904,0.1273956884024703,1.3069227824942191,1.0181470849077154,1.6776035454221714,0.0356292459655444,3577.9914539219653,True,
"Poisson: full controls + terrain, all areas consistent",events,incidence rate ratio,events ~ forest10 + log_density + st10 + sc10 + literacy10 + terrain_elev100 + terrain_relief100 + C(state),256,3603,0.26805591028798015,0.13533478089038595,1.30742023621342,1.0028085504960946,1.7045603302990702,0.04762632821146868,3516.9776383084695,True,
"Poisson: full controls, area-consistent units",events,incidence rate ratio,events ~ forest10 + log_density + st10 + sc10 + literacy10 + C(state),266,3647,0.2178236589753896,0.11768698632766132,1.2433677915356187,0.9872434675260776,1.565939422118613,0.06418783379972397,3670.8746105183077,True,
"Poisson: full controls, exclude top unit",events,incidence rate ratio,events ~ forest10 + log_density + st10 + sc10 + literacy10 + C(state),288,2676,0.26742845091803435,0.12098600319383995,1.3066001404510426,1.0307639661590626,1.6562510750043398,0.02707684672721046,4080.3336328829087,True,
"Poisson: full controls + terrain, exclude top unit",events,incidence rate ratio,events ~ forest10 + log_density + st10 + sc10 + literacy10 + terrain_elev100 + terrain_relief100 + C(state),288,2676,0.3022693903598377,0.13015691987978148,1.3529256427479281,1.0482965517071159,1.746078236949398,0.020214317428619916,3955.8925517288785,True,
"Poisson: full controls, exclude Andhra Pradesh",events,incidence rate ratio,events ~ forest10 + log_density + st10 + sc10 + literacy10 + C(state),267,3493,0.20184927686772502,0.11807780684425634,1.2236635598068093,0.9708542043926762,1.5423041902936918,0.08736579198587031,3677.9288687480375,True,
"Poisson: full controls + terrain, exclude Andhra Pradesh",events,incidence rate ratio,events ~ forest10 + log_density + st10 + sc10 + literacy10 + terrain_elev100 + terrain_relief100 + C(state),267,3493,0.2742607356476048,0.14543957010426947,1.3155577703319865,0.989262479499963,1.7494772954046243,0.059330444110016686,3513.8678135883683,True,
"Poisson: full controls, exclude Bihar",events,incidence rate ratio,events ~ forest10 + log_density + st10 + sc10 + literacy10 + C(state),252,3510,0.2688947659630234,0.12123079906460538,1.308517433228866,1.0317813412532848,1.6594774538024326,0.02655210272208578,3500.7350378557585,True,
"Poisson: full controls + terrain, exclude Bihar",events,incidence rate ratio,events ~ forest10 + log_density + st10 + sc10 + literacy10 + terrain_elev100 + terrain_relief100 + C(state),252,3510,0.3271451491022845,0.1312418041237711,1.3870027847792168,1.0724180297414017,1.7938683159301172,0.01267794357456384,3375.485113899491,True,
"Poisson: full controls, exclude Chhattisgarh",events,incidence rate ratio,events ~ forest10 + log_density + st10 + sc10 + literacy10 + C(state),274,2157,0.24800179115618598,0.1235969123134689,1.2814622274909615,1.005772893719029,1.6327199219040036,0.044798973605947104,3405.426042437343,True,
"Poisson: full controls + terrain, exclude Chhattisgarh",events,incidence rate ratio,events ~ forest10 + log_density + st10 + sc10 + literacy10 + terrain_elev100 + terrain_relief100 + C(state),274,2157,0.24534939346618823,0.12707056795484664,1.2780677837363845,0.9963025093948954,1.639519367282247,0.053506290234165255,3333.8597373603807,True,
"Poisson: full controls, exclude Jharkhand",events,incidence rate ratio,events ~ forest10 + log_density + st10 + sc10 + literacy10 + C(state),271,3199,0.0675329895118589,0.15288914962477423,1.0698655533580967,0.7928476158773963,1.4436725031903561,0.6586975423712281,3436.8561020083507,True,
"Poisson: full controls + terrain, exclude Jharkhand",events,incidence rate ratio,events ~ forest10 + log_density + st10 + sc10 + literacy10 + terrain_elev100 + terrain_relief100 + C(state),271,3199,0.11192288810898982,0.16676683804796852,1.1184266133286311,0.8065945863304717,1.5508138916385579,0.5021351957183038,3377.5717583743303,True,
"Poisson: full controls, exclude Madhya Pradesh",events,incidence rate ratio,events ~ forest10 + log_density + st10 + sc10 + literacy10 + C(state),244,3734,0.2537338118680512,0.11813011175239829,1.28882868770227,1.0224513694295208,1.6246047840604476,0.031720257740874724,3926.428189512438,True,
"Poisson: full controls + terrain, exclude Madhya Pradesh",events,incidence rate ratio,events ~ forest10 + log_density + st10 + sc10 + literacy10 + terrain_elev100 + terrain_relief100 + C(state),244,3734,0.2944451649894005,0.12635008610256748,1.342381351855867,1.0479161223653009,1.719591535382654,0.01978546932096252,3817.9862875395647,True,
"Poisson: full controls, exclude Maharashtra",events,incidence rate ratio,events ~ forest10 + log_density + st10 + sc10 + literacy10 + C(state),254,3475,0.18372035880273704,0.11695453261261686,1.2016797369463585,0.955513570446666,1.5112649729427066,0.11621286384989457,3695.8532054082225,True,
"Poisson: full controls + terrain, exclude Maharashtra",events,incidence rate ratio,events ~ forest10 + log_density + st10 + sc10 + literacy10 + terrain_elev100 + terrain_relief100 + C(state),254,3475,0.1919162788859368,0.1318885033424499,1.21156907880566,0.9355876563662867,1.568960024995569,0.14563041897167878,3631.162797379877,True,
"Poisson: full controls, exclude Odisha",events,incidence rate ratio,events ~ forest10 + log_density + st10 + sc10 + literacy10 + C(state),259,3313,0.38337952938480785,0.1564044542551967,1.467234783124251,1.079861111089181,1.9935692532147118,0.014237846250958561,3312.527231159459,True,
"Poisson: full controls + terrain, exclude Odisha",events,incidence rate ratio,events ~ forest10 + log_density + st10 + sc10 + literacy10 + terrain_elev100 + terrain_relief100 + C(state),259,3313,0.6160155526119323,0.0951497046144919,1.8515359772911448,1.5365283576590751,2.231124116984322,9.533326287716568e-11,2845.311150152361,True,
"Poisson: full controls, exclude Uttar Pradesh",events,incidence rate ratio,events ~ forest10 + log_density + st10 + sc10 + literacy10 + C(state),220,3755,0.26501042936684727,0.12007468222939409,1.3034445698090638,1.0301128679192268,1.649302517690668,0.027310797945514147,4044.085480436408,True,
"Poisson: full controls + terrain, exclude Uttar Pradesh",events,incidence rate ratio,events ~ forest10 + log_density + st10 + sc10 + literacy10 + terrain_elev100 + terrain_relief100 + C(state),220,3755,0.3103450242547668,0.12890234281273047,1.363895610027692,1.0593982675547338,1.755913042359872,0.01605785129505381,3930.259321339601,True,
"Poisson: full controls, exclude West Bengal",events,incidence rate ratio,events ~ forest10 + log_density + st10 + sc10 + literacy10 + C(state),271,3468,0.4178027150679004,0.13767799724564117,1.5186210437973995,1.1594651242595586,1.9890291017912785,0.0024082552130002483,3125.838588857728,True,
"Poisson: full controls + terrain, exclude West Bengal",events,incidence rate ratio,events ~ forest10 + log_density + st10 + sc10 + literacy10 + terrain_elev100 + terrain_relief100 + C(state),271,3468,0.4048745811863919,0.1324775448632096,1.4991144711074005,1.156297817302459,1.9435686583984715,0.002241802537862794,3096.7641835772865,True,
Poisson: population offset,events,incidence rate ratio,events ~ forest10 + C(state),289,3763,0.853859844848938,0.1895630266876218,2.3486949767211254,1.619833133198913,3.4055162723959707,6.657371518229165e-06,7339.137807086341,True,
"Poisson: deaths, full controls",victim_deaths,incidence rate ratio,victim_deaths ~ forest10 + log_density + st10 + sc10 + literacy10 + C(state),289,3763,0.2349555145157525,0.12078578318640154,1.264852499905368,0.9982213133672756,1.6027025521225529,0.05174791474535243,5193.930872838015,True,
"Poisson: deaths, full controls + terrain",victim_deaths,incidence rate ratio,victim_deaths ~ forest10 + log_density + st10 + sc10 + literacy10 + terrain_elev100 + terrain_relief100 + C(state),289,3763,0.2756033913724638,0.13780416270028809,1.3173252978286314,1.0055274156626914,1.7258066893736703,0.04550413028877564,5033.357409399488,True,
"NB2: area offset, state FE",events,incidence rate ratio,events ~ forest10 + C(state),289,3763,0.995774952832844,0.09276226256228737,2.7068211874432873,2.256836963032177,3.246526470812427,6.994665520692945e-27,1019.1074076068189,True,2.409115377823537
NB2: full baseline controls,events,incidence rate ratio,events ~ forest10 + log_density + st10 + sc10 + literacy10 + C(state),289,3763,0.8152123719946953,0.11791622065279367,2.2596555089437294,1.7933777024132227,2.847165442187053,4.728798241194598e-12,1020.3900467804997,True,2.2493102681145
NB2: full controls + terrain,events,incidence rate ratio,events ~ forest10 + log_density + st10 + sc10 + literacy10 + terrain_elev100 + terrain_relief100 + C(state),289,3763,0.8439304837178607,0.1186582192579066,2.325489335364814,1.8429446533571496,2.934380389038992,1.1414136600537908e-12,1022.9264488731012,True,2.2334442732917794
"Logit: any event, state FE",any_event,odds ratio,any_event ~ forest10 + log_area + C(state),289,3763,0.9902373538426357,0.25825233761257577,2.6918733230065377,1.6226685923537438,4.465595760748283,0.00012588189272443677,205.6207204707253,True,
"Logit: any event, full controls",any_event,odds ratio,any_event ~ forest10 + log_area + log_density + st10 + sc10 + literacy10 + C(state),289,3763,1.0173817109255059,0.2935557766240108,2.765943235853478,1.5558514643787127,4.917205889585744,0.0005288164701090047,212.2381501492788,True,
"Logit: any event, full controls + terrain",any_event,odds ratio,any_event ~ forest10 + log_area + log_density + st10 + sc10 + literacy10 + terrain_elev100 + terrain_relief100 + C(state),289,3763,0.9412570288990476,0.2773189843170019,2.5632014123419022,1.4884299021345622,4.4140483007022775,0.0006884668994322479,212.86985548982193,True,
