year,recorded_events,fatal_events,victim_deaths,maoist_side_deaths
2005,54,46,156,66
2006,230,223,365,282
2007,210,201,397,100
2008,217,207,400,149
2009,354,321,578,174
2010,418,384,657,220
2011,252,247,321,144
2012,215,206,267,73
2013,160,154,226,91
2014,155,140,180,93
2015,149,137,131,82
2016,222,216,163,194
2017,170,168,215,140
2018,205,188,161,217
2019,167,159,141,149
2020,132,132,125,100
2021,117,115,103,118
2022,101,101,69,54
2023,103,103,90,47
2024,143,143,90,271
2025,139,137,84,367
