state,fsi_2001_unit,area_km2,population_thousands,wb_area_km2,wb_input_units,st_pct,sc_pct,literacy_pct,population_density_2001,area_gap_pct
Andhra Pradesh,Adilabad,16128.0,2466.0,16107.0,1.0,16.740000000000002,18.54,52.7,152.90178571428572,-0.13020833333333703
Andhra Pradesh,Anantapur,19130.0,3567.0,19102.0,1.0,3.46,16.45,61.5,186.4610559330894,-0.14636696288552464
Andhra Pradesh,Chittoor,15151.0,3664.0,15060.0,1.0,3.42,18.75,66.8,241.83222229555804,-0.6006204210943222
Andhra Pradesh,Cuddapah,15359.0,2480.0,15445.0,1.0,2.36,15.739999999999998,62.8,161.46884562797058,0.5599322872582801
Andhra Pradesh,East Godawari,10807.0,4662.0,10777.0,1.0,3.9100000000000006,17.990000000000002,65.5,431.38706394003884,-0.27759785324327213
Andhra Pradesh,Guntur,11391.0,4460.0,11333.0,1.0,4.66,18.32,62.5,391.53717847423405,-0.509173909226579
Andhra Pradesh,Karimnagar,11823.0,3220.0,11869.0,1.0,2.6,18.62,54.900000000000006,272.35050325636473,0.38907214750909525
Andhra Pradesh,Khammam,16029.0,2518.0,15851.0,1.0,26.469999999999995,16.55,56.900000000000006,157.09027387859504,-1.110487241874103
Andhra Pradesh,Krishna,8727.0,3975.0,8766.0,1.0,2.57,17.830000000000005,68.8,455.4829838432451,0.44688896528015665
Andhra Pradesh,Kurnool,17658.0,3523.0,17533.0,1.0,1.9699999999999998,17.81,53.2,199.51296862611846,-0.7078944387812869
Andhra Pradesh,Mahboobnagar,18432.0,3500.0,18419.0,1.0,7.930000000000001,17.1,44.4,189.88715277777777,-0.07052951388888395
Andhra Pradesh,Medak,9700.0,2669.0,9447.0,1.0,5.04,17.580000000000002,51.6,275.1546391752577,-2.6082474226804098
Andhra Pradesh,Nalgonda,14240.0,3247.0,14252.0,1.0,10.550000000000002,17.73,57.199999999999996,228.01966292134833,0.08426966292134352
Andhra Pradesh,Nellore,13076.0,2615.0,13191.0,1.0,9.08,22.0,65.10000000000001,199.98470480269197,0.8794738452126083
Andhra Pradesh,Nizamabad,7956.0,2305.0,8035.0,1.0,7.07,14.839999999999998,52.0,289.71845148315737,0.9929612870789306
Andhra Pradesh,Prakasham,17626.0,2943.0,17651.0,1.0,3.86,21.29,57.40000000000001,166.96924997163282,0.14183592420287106
Andhra Pradesh,Srikakulam,5837.0,2485.0,5635.0,1.0,5.96,9.05,55.3,425.7323967791674,-3.460681857118386
Andhra Pradesh,Vizianagaram,6539.0,2233.0,6084.0,1.0,9.55,10.58,51.1,341.4895243921089,-6.958250497017893
Andhra Pradesh,Vishakapatnam,11161.0,3670.0,11437.0,1.0,14.55,7.6,60.0,328.8235821162978,2.4728966938446284
Andhra Pradesh,Warangal,12847.0,3044.0,12802.0,1.0,14.1,16.990000000000002,57.10000000000001,236.9424768428427,-0.35027632910407114
Andhra Pradesh,West Godawari,7742.0,3796.0,7827.0,1.0,2.54,19.17,73.5,490.3125807284939,1.0979075174373465
Andhra Pradesh,Hyderabad + Rangareddy,7710.0,7402.0,7729.0,2.0,2.439405566063226,11.171196973790869,72.766778634902,960.0518806744487,0.24643320363164634
Bihar,Araria,2830.0,2159.0,2759.0,1.0,1.36,13.6,35.0,762.8975265017668,-2.5088339222614886
Bihar,Aurangabad,3305.0,2013.0,3327.0,1.0,0.08,23.49,57.0,609.0771558245083,0.6656580937972834
Bihar,Banka,3022.0,1609.0,3078.0,1.0,4.67,12.44,42.7,532.4288550628722,1.8530774321641408
Bihar,Begusarai,1918.0,2096.0,1886.0,1.0,0.06,14.52,48.0,1092.8050052137644,-1.6684045881126153
Bihar,Bhabua,3381.0,1276.0,3338.0,1.0,2.79,22.28,55.1,377.40313516711035,-1.2718130730553057
Bihar,Bhagalpur,2567.0,2423.0,2559.0,1.0,2.29,10.51,49.5,943.9033891702377,-0.3116478379431298
Bihar,Bhojpur,2390.0,2243.0,2434.0,1.0,0.37,15.32,59.0,938.4937238493724,1.8410041841004254
Bihar,Buxar,1708.0,1402.0,1703.0,1.0,0.6,14.12,56.8,820.8430913348947,-0.29274004683840227
Bihar,Darbhanga,2279.0,3244.0,2528.0,1.0,0.03,15.510000000000002,44.3,1423.4313295304958,10.925844668714358
Bihar,Gaya,4976.0,3473.0,4986.0,1.0,0.08000000000000002,29.64,50.400000000000006,697.9501607717042,0.2009646302250756
Bihar,Goplaganj,2033.0,2153.0,2038.0,1.0,0.29,12.41,47.5,1059.026069847516,0.24594195769798155
Bihar,Jamui,3107.0,1399.0,3055.0,1.0,4.82,17.35,42.400000000000006,450.2735757965884,-1.673640167364021
Bihar,Jehanabad,1569.0,1472.0,1543.0,2.0,0.09000000000000001,18.9,55.3,938.1771829190567,-1.6571064372211564
Bihar,Katihar,3057.0,2392.0,3072.0,1.0,5.87,8.71,35.1,782.4664703958128,0.4906771344455274
Bihar,Khagaria,1486.0,1280.0,1488.0,1.0,0.03,14.460000000000003,41.3,861.3728129205922,0.13458950201883368
Bihar,Kishanganj,1884.0,1296.0,1921.0,1.0,3.6299999999999994,6.62,31.1,687.8980891719746,1.9639065817409707
Bihar,Lakhisarai,1356.0,802.0,1295.0,1.0,0.7000000000000001,15.78,48.0,591.4454277286136,-4.498525073746318
Bihar,Madhepura,1788.0,1527.0,1777.0,1.0,0.61,17.06,36.1,854.0268456375838,-0.615212527964204
Bihar,Madhubani,3501.0,3575.0,3449.0,1.0,0.04,13.48,42.0,1021.1368180519852,-1.4852899171665213
Bihar,Munger,1347.0,1138.0,1395.0,1.0,1.59,13.27,59.5,844.8403860430586,3.563474387527843
Bihar,Muzaffarpur,3172.0,3729.0,3212.0,1.0,0.09000000000000001,15.87,48.0,1175.5989911727618,1.261034047919285
Bihar,Nalanda,2367.0,2371.0,2319.0,1.0,0.04,19.99,53.20000000000001,1001.6899028305872,-2.0278833967046883
Bihar,Nawada,2494.0,1784.0,2503.0,1.0,0.12,24.09,46.79999999999999,715.3167602245389,0.3608660785886064
Bihar,Paschimi Champaran,5228.0,3043.0,5244.0,1.0,1.4800000000000002,14.280000000000001,38.900000000000006,582.0581484315226,0.3060443764345777
Bihar,Patna,3202.0,4639.0,3309.0,1.0,0.2,15.47,62.900000000000006,1448.782011242973,3.341661461586498
Bihar,Purbi Champaran,3968.0,3860.0,3997.0,1.0,0.12,13.05,37.5,972.7822580645161,0.7308467741935498
Bihar,Purnia,3229.0,2490.0,3220.0,1.0,4.4,12.27,35.1,771.136574790957,-0.278724063177449
Bihar,Rohtas,3832.0,2464.0,3862.0,1.0,1.04,18.12,61.3,643.0062630480166,0.7828810020876764
Bihar,Saharsa,1680.0,1508.0,1710.0,1.0,0.31,16.09,39.1,897.6190476190476,1.7857142857142794
Bihar,Samastipur,2904.0,3395.0,2600.0,1.0,0.1,18.52,45.1,1169.077134986226,-10.468319559228645
Bihar,Saran,2641.0,3249.0,2639.0,1.0,0.21,12.0,51.8,1230.2158273381294,-0.07572889057175791
Bihar,Sheikhpura,612.0,518.0,643.0,1.0,0.04,19.74,48.60000000000001,846.40522875817,5.065359477124187
Bihar,Sheohar,572.0,516.0,447.0,1.0,0.01,14.42,35.300000000000004,902.0979020979021,-21.853146853146853
Bihar,Sitamarhi,2071.0,2667.0,2155.0,1.0,0.07,11.77,38.5,1287.783679381941,4.056011588604536
Bihar,Siwan,2219.0,2714.0,2226.0,1.0,0.51,11.38,51.6,1223.0734565119424,0.3154574132492094
Bihar,Sapaul,2432.0,1733.0,2465.0,1.0,0.3,14.8,37.3,712.5822368421053,1.3569078947368363
Bihar,Vaishali,2036.0,2718.0,2016.0,1.0,0.11,20.68,50.5,1334.9705304518664,-0.9823182711198419
Chhattisgarh,Bastar,14974.0,1270.0,15473.0,2.0,66.87288976377954,2.978425196850394,43.26643764930447,84.81367704020302,3.332442901028454
Chhattisgarh,Bilaspur,8270.0,1992.0,8390.0,1.0,15.99,17.32,66.0,240.87061668681983,1.45102781136639
Chhattisgarh,Dantewara,17634.0,698.0,16795.0,2.0,78.51999999999998,3.3599999999999994,30.200000000000006,39.582624475445165,-4.75785414540093
Chhattisgarh,Durg,8549.0,2589.0,8431.0,1.0,12.41,12.79,75.60000000000001,302.8424377120131,-1.3802783951339381
Chhattisgarh,Janjgir-Champa,3852.0,1311.0,3861.0,1.0,11.62,22.48,65.9,340.34267912772583,0.2336448598130758
Chhattisgarh,Jashpur,5838.0,735.0,5867.0,1.0,63.24,4.9,63.8,125.89928057553956,0.4967454607742283
Chhattisgarh,Kanker,6506.0,642.0,7145.0,1.0,56.08,4.25,72.9,98.67814325238241,9.821703043344598
Chhattisgarh,Kawardha,6745.0,585.0,4166.0,1.0,20.86,12.72,55.2,86.73091178650853,-38.235730170496666
Chhattisgarh,Korba,6599.0,943.0,6614.0,1.0,41.5,9.98,61.7,142.90043946052432,0.22730716775269943
Chhattisgarh,Koriya,6604.0,546.0,6548.0,1.0,44.35,8.22,63.1,82.67716535433071,-0.8479709267110835
Chhattisgarh,Mahasamud,4789.0,860.0,4701.0,1.0,27.029999999999998,12.13,67.0,179.5782000417624,-1.837544372520361
Chhattisgarh,Raigarh,7086.0,1261.0,7037.0,1.0,35.38,14.200000000000001,70.2,177.95653401072536,-0.6915043748235927
Chhattisgarh,Rajnandgaon,5546.0,1274.0,8171.0,1.0,26.629999999999995,9.93,77.2,229.7151099891814,47.331410025243414
Chhattisgarh,Surguja,15731.0,1921.0,15765.0,1.0,54.6,4.8100000000000005,54.8,122.1155679867777,0.21613374864917212
Chhattisgarh,Raipur + Dhamtari,16468.0,3462.0,16705.0,2.0,14.89960716348931,14.35892547660312,69.76994783751135,210.22589264027204,1.439154724313818
Jharkhand,Bokaro,1929.0,1778.0,2888.0,1.0,12.3,13.3,62.1,921.7210990150337,49.71487817522031
Jharkhand,Chatra,3732.0,808.0,3837.0,1.0,4.11,31.56,43.6,216.5058949624866,2.813504823151125
Jharkhand,Deoghar,2479.0,1114.0,2454.0,1.0,12.25,12.6,50.1,449.37474788221056,-1.0084711577248884
Jharkhand,Dhanbad,2996.0,1940.0,2039.0,1.0,8.46,15.98,67.0,647.5300400534045,-31.94259012016022
Jharkhand,Dumka,6212.0,1760.0,5643.0,2.0,39.89218181818182,7.3485795454545455,47.917687950870125,283.322601416613,-9.159690920798457
Jharkhand,Garhwa,4092.0,1021.0,4085.0,1.0,15.35,23.88,39.2,249.5112414467253,-0.17106549364613866
Jharkhand,Giridih,4963.0,1905.0,4994.0,1.0,9.69,13.04,44.49999999999999,383.84041910135,0.6246222043118976
Jharkhand,Godda,2110.0,1048.0,2297.0,1.0,23.62,8.56,43.1,496.6824644549763,8.862559241706158
Jharkhand,Gumla,9077.0,1346.0,9044.0,2.0,68.35506686478453,4.953150074294205,51.71044306104299,148.2868789247549,-0.36355624104880135
Jharkhand,Hazaribagh,5998.0,2218.0,5626.0,2.0,11.962583408476105,14.913647430117223,58.06575372731427,369.78992997665887,-6.202067355785257
Jharkhand,Kodarma,1435.0,541.0,1634.0,1.0,0.76,14.9,51.2,377.0034843205575,13.867595818815337
Jharkhand,Lohardaga,1491.0,365.0,1580.0,1.0,55.7,3.51,53.6,244.8021462105969,5.96914822266934
Jharkhand,Pakaur,1571.0,702.0,1898.0,1.0,44.59,3.27,30.599999999999998,446.8491406747295,20.814767663908327
Jharkhand,Palamu,8657.0,2064.0,8597.0,2.0,18.7,25.72,44.9,238.4197759038928,-0.69308074390666
Jharkhand,Paschimi Singhbhum,9907.0,2051.0,9806.0,2.0,53.36,4.88,50.2,207.0253356212779,-1.0194811749268173
Jharkhand,Purbi Singhbhum,3533.0,1983.0,3552.0,1.0,27.85,4.75,68.8,561.2793659779225,0.5377865836399653
Jharkhand,Ranchi,7698.0,2785.0,7741.0,2.0,41.818904847396766,5.175008976660682,64.53038914782368,361.7822811119771,0.5585866458820421
Jharkhand,Sahibganj,1834.0,928.0,1916.0,1.0,29.15,6.44,37.6,505.99781897491823,4.471101417666312
Madhya Pradesh,Balaghat,9229.0,1497.0,9253.0,1.0,21.8,7.75,68.7,162.2060895004876,0.260049842886545
Madhya Pradesh,Barwani,5422.0,1061.0,5175.0,1.0,51.25,8.870000000000001,52.3,195.68424935448175,-4.5555145702692705
Madhya Pradesh,Betul,10043.0,1386.0,10149.0,1.0,39.41,10.58,66.4,138.0065717415115,1.0554615154834135
Madhya Pradesh,Bhind,4459.0,1428.0,4536.0,1.0,0.47,21.48,70.5,320.2511773940345,1.7268445839874413
Madhya Pradesh,Bhopal,2772.0,1815.0,2715.0,1.0,3.29,14.0,74.60000000000001,654.7619047619048,-2.056277056277056
Madhya Pradesh,Chhatarpur,8687.0,1465.0,8775.0,1.0,3.5,23.26,53.3,168.64279958558765,1.013007942903199
Madhya Pradesh,Chhindwara,11815.0,1819.0,11745.0,1.0,34.68,11.58,65.8,153.9568345323741,-0.5924672027084243
Madhya Pradesh,Damoh,7306.0,1072.0,7399.0,1.0,12.56,19.49,61.8,146.7287161237339,1.2729263618943332
Madhya Pradesh,Datia,2691.0,663.0,2888.0,1.0,6.390000000000001,21.87,65.3,246.3768115942029,7.320698625046451
Madhya Pradesh,Dewas,7020.0,1306.0,7184.0,1.0,16.45,18.26,60.900000000000006,186.03988603988603,2.3361823361823353
Madhya Pradesh,Dhar,8153.0,1727.0,8147.0,1.0,54.77,6.46,52.3,211.8238685146572,-0.07359254262234716
Madhya Pradesh,Dindori,7470.0,581.0,5666.0,1.0,64.48,5.83,54.2,77.77777777777777,-24.149933065595718
Madhya Pradesh,Nimar East,10776.0,1642.0,10536.0,2.0,29.68,11.069999999999999,61.8,152.37564959168523,-2.2271714922049046
Madhya Pradesh,Guna,11064.0,1665.0,11261.0,2.0,12.220000000000002,17.61,59.5,150.4880694143167,1.780549530007236
Madhya Pradesh,Gwaliar,4560.0,1632.0,4476.0,1.0,3.49,18.91,69.4,357.89473684210526,-1.8421052631578894
Madhya Pradesh,Harda,3330.0,474.0,3317.0,1.0,26.63,16.06,66.5,142.34234234234233,-0.3903903903903938
Madhya Pradesh,Hoshangabad,6707.0,1081.0,6676.0,1.0,15.13,15.75,70.0,161.17489190398092,-0.4622036678097463
Madhya Pradesh,Indore,3898.0,2436.0,3792.0,1.0,6.65,15.75,75.2,624.9358645459209,-2.719343252950235
Madhya Pradesh,Jabalpur,5211.0,2136.0,4923.0,1.0,15.01,12.73,75.7,409.902130109384,-5.5267702936096725
Madhya Pradesh,Jhabua,6778.0,1394.0,6826.0,2.0,86.84718794835008,2.8177187948350073,36.9092693241211,205.6653880200649,0.7081735025081137
Madhya Pradesh,Katni,4950.0,1060.0,5127.0,1.0,23.07,11.48,63.6,214.14141414141415,3.5757575757575655
Madhya Pradesh,Mandla,5800.0,875.0,7606.0,1.0,57.23,4.62,59.6,150.86206896551724,31.13793103448277
Madhya Pradesh,Mandsaur,5535.0,1168.0,5336.0,1.0,3.17,17.93,70.3,211.0207768744354,-3.595302619692864
Madhya Pradesh,Morena,4989.0,1580.0,5129.0,1.0,0.8100000000000002,21.079999999999995,64.7,316.69673281218684,2.8061735818801337
Madhya Pradesh,Narshimhapur,5133.0,940.0,5135.0,1.0,12.87,17.81,69.7,183.12877459575296,0.03896356906292198
Madhya Pradesh,Neemuch,4256.0,721.0,4451.0,1.0,8.51,12.55,66.2,169.4078947368421,4.58176691729324
Madhya Pradesh,Panna,7135.0,855.0,6929.0,1.0,15.39,20.0,61.400000000000006,119.83181499649615,-2.8871758934828295
Madhya Pradesh,Raisen,8466.0,1104.0,8414.0,1.0,15.739999999999998,16.37,72.2,130.40396881644224,-0.6142215922513627
Madhya Pradesh,Rajgarh,6153.0,1254.0,6253.0,1.0,3.78,17.44,53.7,203.8030229156509,1.6252234682268885
Madhya Pradesh,Ratlam,4861.0,1221.0,4821.0,1.0,22.09,11.94,69.0,251.18288418020984,-0.8228759514503192
Madhya Pradesh,Rewa,6314.0,1967.0,6340.0,1.0,12.87,15.570000000000002,62.00000000000001,311.52993348115297,0.4117833386126035
Madhya Pradesh,Sagar,10252.0,2003.0,10466.0,1.0,9.72,20.54,67.7,195.37651190011704,2.0873975809598155
Madhya Pradesh,Satna,7502.0,1861.0,7673.0,1.0,14.339999999999998,16.27,64.60000000000001,248.0671820847774,2.279392162090099
Madhya Pradesh,Sehore,6578.0,1067.0,6544.0,1.0,10.76,20.49,63.1,162.20735785953178,-0.5168744299179129
Madhya Pradesh,Seoni,8758.0,1166.0,8774.0,1.0,36.78,10.34,65.60000000000001,133.13541904544417,0.18269011189768758
Madhya Pradesh,Shahdol,9952.0,1548.0,9541.0,2.0,44.48,7.36,58.70000000000001,155.54662379421222,-4.1298231511254
Madhya Pradesh,Shajapur,6195.0,1283.0,6219.0,1.0,2.74,21.98,70.9,207.10250201775625,0.3874092009685137
Madhya Pradesh,Sheopur,6606.0,553.0,6663.0,1.0,21.53,16.16,46.40000000000001,83.71177717226763,0.862851952770205
Madhya Pradesh,Shivpuri,10277.0,1404.0,10007.0,1.0,11.19,18.78,58.900000000000006,136.61574389413252,-2.627225844117931
Madhya Pradesh,Sidhi,10526.0,1820.0,10439.0,2.0,29.89,11.85,52.30000000000001,172.90518715561467,-0.826524795743877
Madhya Pradesh,Tikamgarh,5048.0,1203.0,5025.0,1.0,4.32,24.29,55.7,238.3122028526149,-0.45562599049128183
Madhya Pradesh,Ujjain,6091.0,1698.0,6144.0,1.0,3.11,24.72,70.9,278.7719586274832,0.8701362666228896
Madhya Pradesh,Umaria,4076.0,516.0,4700.0,1.0,44.04,6.8100000000000005,59.1,126.59470068694799,15.309126594700695
Madhya Pradesh,Vidisha,7371.0,1205.0,7225.0,1.0,4.88,19.85,61.8,163.47849681183015,-1.980735314068649
Madhya Pradesh,Nimar West,8030.0,1508.0,8244.0,1.0,35.480000000000004,11.409999999999998,63.0,187.79576587795765,2.6650062266500685
Maharashtra,Ahmadnagar,17048.0,4015.0,17099.0,1.0,7.51,12.0,75.3,235.51149694978884,0.2991553261379565
Maharashtra,Akola,5390.0,1630.0,5445.0,1.0,9.91,13.73,82.0,302.41187384044525,1.0204081632652962
Maharashtra,Amravati,12210.0,2606.0,12228.0,1.0,13.680000000000001,17.13,82.5,213.43161343161344,0.14742014742015197
Maharashtra,Aurangabad,10107.0,2903.0,10173.0,1.0,3.4599999999999995,12.98,72.9,287.2266745819729,0.6530127634312821
Maharashtra,Bhandara,3588.0,1136.0,4080.0,1.0,8.6,17.77,78.5,316.6109253065775,13.712374581939791
Maharashtra,Bid,10693.0,2161.0,10641.0,1.0,1.12,13.01,68.0,202.09482839240624,-0.48629944823715965
Maharashtra,Mumbai City,157.0,3338.0,77.0,1.0,0.62,5.5,86.4,21261.146496815287,-50.955414012738856
Maharashtra,Mumbai Suburb,446.0,8640.0,403.0,1.0,0.8200000000000001,4.65,86.9,19372.19730941704,-9.641255605381161
Maharashtra,Buldana,9661.0,2232.0,9704.0,1.0,5.16,10.82,75.8,231.03198426663906,0.44508850015525514
Maharashtra,Chandrapur,11443.0,2071.0,11342.0,1.0,18.12,14.34,73.2,180.984007690291,-0.8826356724635165
Maharashtra,Dhule,7189.0,1708.0,7143.0,1.0,25.969999999999995,6.390000000000001,71.60000000000001,237.58519961051607,-0.6398664626512729
Maharashtra,Gadchiroli,14412.0,970.0,14310.0,1.0,38.31,11.22,60.1,67.30502359145157,-0.7077435470441262
Maharashtra,Gondiya,5733.0,1201.0,5200.0,1.0,16.36,13.97,78.5,209.48892377463807,-9.297052154195008
Maharashtra,Hingoli,4686.0,981.0,4711.0,1.0,8.8,10.2,66.3,209.3469910371319,0.5335040546308178
Maharashtra,Jalgaon,11765.0,3653.0,11883.0,1.0,11.84,7.79,75.4,310.49723756906076,1.002974925626865
Maharashtra,Jalna,7718.0,1607.0,7636.0,1.0,2.0,11.23,64.4,208.214563358383,-1.062451412282972
Maharashtra,Raigarh,7152.0,2208.0,6968.0,1.0,12.19,2.43,77.0,308.7248322147651,-2.572706935123048
Maharashtra,Kolhapur,7685.0,3519.0,7756.0,1.0,0.61,12.76,76.9,457.9050097592713,0.923877683799601
Maharashtra,Latur,7157.0,2080.0,7131.0,1.0,2.3000000000000003,19.43,71.5,290.62456336453823,-0.3632807042056707
Maharashtra,Nagpur,9892.0,4059.0,9894.0,1.0,10.93,17.12,84.00000000000001,410.33158107561667,0.02021835826930829
Maharashtra,Nanded,10528.0,2845.0,10598.0,1.0,8.82,17.32,67.8,270.2317629179331,0.6648936170212671
Maharashtra,Nandurbar,5961.0,1308.0,5906.0,1.0,65.53,3.1599999999999997,55.8,219.4262707599396,-0.9226639825532623
Maharashtra,Nashik,15530.0,4982.0,15478.0,1.0,23.92,8.540000000000001,74.4,320.7984546039923,-0.3348358016741826
Maharashtra,Osmanabad,7569.0,1485.0,7614.0,1.0,1.87,16.53,69.0,196.19500594530322,0.5945303210463715
Maharashtra,Parbhani,6355.0,1528.0,6349.0,1.0,2.3000000000000003,9.98,66.10000000000001,240.44059795436664,-0.09441384736428304
Maharashtra,Pune,15643.0,7225.0,15636.0,1.0,3.62,10.53,80.5,461.86792814677494,-0.044748449785847466
Maharashtra,Ratnagiri,8208.0,1690.0,8281.0,1.0,1.18,1.44,75.0,205.89668615984405,0.8893762183235898
Maharashtra,Sangli,8572.0,2577.0,8518.0,1.0,0.6900000000000001,12.13,76.60000000000001,300.6299580027998,-0.6299580027998131
Maharashtra,Satara,10480.0,2793.0,10614.0,1.0,0.78,8.76,78.2,266.50763358778624,1.2786259541984757
Maharashtra,Sholapur,14895.0,3850.0,14811.0,1.0,1.79,15.02,71.2,258.47599865726755,-0.5639476334340365
Maharashtra,Sindhudurg,5207.0,862.0,5071.0,1.0,0.5700000000000001,4.44,80.30000000000001,165.54637987324756,-2.6118686383714285
Maharashtra,Thane,9558.0,7906.0,9554.0,1.0,14.75,4.18,80.7,827.1604938271605,-0.041849759363887795
Maharashtra,Wardha,6309.0,1237.0,6308.0,1.0,12.49,12.83,80.10000000000001,196.06910762402916,-0.015850372483749986
Maharashtra,Washim,5184.0,1021.0,5131.0,1.0,6.95,15.94,73.4,196.95216049382717,-1.0223765432098797
Maharashtra,Yavatmal,13582.0,2423.0,13595.0,1.0,19.26,10.28,73.60000000000001,178.39787954645854,0.09571491680164801
Odisha,Angul,6375.0,1111.0,6320.0,1.0,11.67,17.2,68.8,174.27450980392157,-0.8627450980392193
Odisha,Baleshwar,3806.0,1994.0,3676.0,1.0,11.28,18.84,70.60000000000001,523.9096163951655,-3.4156594850236477
Odisha,Baragarh,5837.0,1346.0,5878.0,1.0,19.36,19.37,64.0,230.59790988521502,0.7024156244646251
Odisha,Bhadrak,2505.0,1334.0,2531.0,1.0,1.8800000000000001,21.5,73.9,532.5349301397206,1.037924151696612
Odisha,Bolangir,6575.0,1336.0,6399.0,1.0,20.63,16.92,55.7,203.19391634980988,-2.676806083650185
Odisha,Boudh,3098.0,373.0,3066.0,1.0,12.47,21.88,57.70000000000001,120.40025823111685,-1.0329244673983218
Odisha,Cuttack,3932.0,2337.0,3823.0,1.0,3.5700000000000003,19.08,76.7,594.354018311292,-2.7721261444557443
Odisha,Deogarh,2940.0,274.0,3012.0,1.0,33.6,15.370000000000001,60.400000000000006,93.19727891156462,2.448979591836742
Odisha,Dhenkanal,4452.0,1065.0,4413.0,1.0,12.79,18.49,69.4,239.21832884097034,-0.8760107816711549
Odisha,Gajpati,4325.0,519.0,4235.0,1.0,50.78,7.5,41.3,120.0,-2.0809248554913284
Odisha,Ganjam,8206.0,3156.0,8484.0,1.0,2.8799999999999994,18.57,60.8,384.5966366073605,3.3877650499634315
Odisha,Jagatsinghpur,1668.0,1058.0,1739.0,1.0,2.19,20.07,77.9,634.2925659472422,4.256594724220619
Odisha,Jajpur,2899.0,1624.0,2882.0,1.0,7.76,22.99,71.4,560.1931700586409,-0.5864091065884813
Odisha,Jharsuguda,2081.0,515.0,2164.0,1.0,32.92,17.06,69.0,247.4771744353676,3.988467083133118
Odisha,Kalahandi,7920.0,1335.0,7900.0,1.0,28.65,17.67,45.900000000000006,168.56060606060606,-0.2525252525252486
Odisha,Kendarpara,2644.0,1302.0,2566.0,1.0,0.52,20.52,76.80000000000001,492.4357034795764,-2.9500756429651998
Odisha,Keonjhar,8303.0,1562.0,8376.0,1.0,44.5,11.62,59.20000000000001,188.12477417800795,0.8792002890521511
Odisha,Khandamal,8021.0,648.0,7943.0,1.0,51.96,16.89,52.7,80.78793167934172,-0.972447325769854
Odisha,Khurda,2813.0,1844.0,2813.0,1.0,5.18,13.54,79.60000000000001,655.5279061500178,0.0
Odisha,Koraput,8807.0,1181.0,8656.0,1.0,49.620000000000005,13.04,35.7,134.0978766889974,-1.7145452480980983
Odisha,Malkangiri,5791.0,504.0,5831.0,1.0,57.43,21.35,30.5,87.03160075979969,0.6907269901571311
Odisha,Mayurbhanj,10418.0,2218.0,10451.0,1.0,56.6,7.679999999999999,51.900000000000006,212.90074870416586,0.3167594547897945
Odisha,Nawapara,3852.0,530.0,3928.0,1.0,34.71,13.62,42.0,137.5908618899273,1.9730010384215957
Odisha,Nawrangpur,5291.0,1017.0,5405.0,1.0,55.03,14.1,33.9,192.2131922131922,2.1546021546021477
Odisha,Nayagarh,3890.0,865.0,3877.0,1.0,5.88,14.04,70.5,222.3650385604113,-0.3341902313624634
Odisha,Puri,3479.0,1503.0,3529.0,1.0,0.3,18.23,78.0,432.02069560218456,1.437194596148328
Odisha,Rayagada,7073.0,823.0,7384.0,1.0,55.76,13.92,36.1,116.35798105471511,4.397002686271745
Odisha,Sambalpur,6657.0,923.0,6588.0,1.0,34.5,17.04,67.3,138.65104401382004,-1.036502929247407
Odisha,Sonepur,2337.0,542.0,2348.0,1.0,9.78,23.62,62.8,231.92126658108685,0.4706889174154849
Odisha,Sundargarh,9712.0,1789.0,9692.0,1.0,50.18999999999999,8.620000000000001,64.9,184.20510708401977,-0.20593080724876645
Uttar Pradesh,Agra,4027.0,3622.0,3990.0,1.0,0.02,20.31,63.5,899.4288552272163,-0.9187981127390166
Uttar Pradesh,Aligarh,3650.0,2989.0,3655.0,1.0,0.01,21.2,58.49999999999999,818.9041095890411,0.136986301369868
Uttar Pradesh,Allahabad,5137.0,4937.0,5417.0,1.0,0.05,28.839999999999996,54.5,961.0667704886121,5.450652131594325
Uttar Pradesh,Ambedkar Nagar,2337.0,1981.0,2299.0,1.0,0.01,24.44,58.400000000000006,847.6679503637141,-1.6260162601625994
Uttar Pradesh,Azamgarh,4234.0,3940.0,4279.0,1.0,0.02,25.73,57.0,930.5621162021729,1.0628247520075629
Uttar Pradesh,Bagpat,1321.0,1164.0,1297.0,1.0,0.0,10.98,64.2,881.1506434519304,-1.8168054504163478
Uttar Pradesh,Bahraich,6878.0,3550.0,6804.0,2.0,0.38482253521126764,16.872253521126762,34.33089043579862,516.1384123291655,-1.0758941552777013
Uttar Pradesh,Balrampur,3349.0,1681.0,3268.0,1.0,1.15,13.48,34.6,501.94087787399224,-2.418632427590328
Uttar Pradesh,Ballia,2981.0,2761.0,2931.0,1.0,0.01,16.47,57.900000000000006,926.1992619926199,-1.6772895001677335
Uttar Pradesh,Banda,4532.0,1497.0,4308.0,1.0,0.0,20.83,54.400000000000006,330.31774051191525,-4.942630185348628
Uttar Pradesh,Barabanki,4402.0,2674.0,3942.0,1.0,0.02,26.89,47.400000000000006,607.4511585642889,-10.449795547478423
Uttar Pradesh,Bareilly,4120.0,3615.0,4133.0,1.0,0.01,12.65,47.8,877.4271844660194,0.31553398058252746
Uttar Pradesh,Basti,2688.0,2076.0,2927.0,1.0,0.01,20.87,52.49999999999999,772.3214285714286,8.891369047619047
Uttar Pradesh,Bijnor,4561.0,3131.0,4593.0,1.0,0.08,20.94,58.10000000000001,686.4722648541987,0.7016005262003855
Uttar Pradesh,Budaun,5168.0,3067.0,5194.0,1.0,0.0,17.09,38.2,593.4597523219815,0.5030959752321928
Uttar Pradesh,Bulandshahar,2910.0,3010.0,3686.0,1.0,0.02,18.26,64.0,1034.364261168385,26.66666666666666
Uttar Pradesh,Chandauli,2549.0,1629.0,2522.0,1.0,0.02,24.29,59.7,639.0741467242055,-1.0592389172224381
Uttar Pradesh,Chitrkoot,3092.0,801.0,3230.0,1.0,0.0,23.59,59.7,259.0556274256145,4.463130659767134
Uttar Pradesh,Deoria,2538.0,2714.0,2523.0,1.0,0.02,18.18,58.6,1069.3459416863673,-0.5910165484633523
Uttar Pradesh,Etah,4446.0,2761.0,4459.0,2.0,0.0,17.064031148134735,54.65362565571717,621.0076473234368,0.29239766081872176
Uttar Pradesh,Etawah,2311.0,1339.0,2338.0,1.0,0.0,23.41,69.60000000000001,579.402855906534,1.1683254002596177
Uttar Pradesh,Faizabad,2174.0,2087.0,2595.0,1.0,0.01,22.59,56.3,959.9816007359706,19.365225390984353
Uttar Pradesh,Farrukhabad,2181.0,1570.0,2197.0,1.0,0.060000000000000005,16.43,60.900000000000006,719.8532783127006,0.733608436497013
Uttar Pradesh,Fatehpur,4152.0,2290.0,4211.0,1.0,0.02,25.04,56.3,551.5414258188824,1.4210019267822727
Uttar Pradesh,Firozabad,2361.0,1996.0,2417.0,1.0,0.0,22.24,59.8,845.4044896230411,2.371876323591704
Uttar Pradesh,Gautam Buddh Nagar,1442.0,1023.0,1217.0,1.0,0.03,16.31,68.7,709.4313453536754,-15.603328710124831
Uttar Pradesh,Ghaziabad,2590.0,3233.0,1993.0,1.0,0.01,18.24,67.3,1248.2625482625483,-23.050193050193045
Uttar Pradesh,Ghazipur,3377.0,3038.0,3358.0,1.0,0.01,21.38,59.6,899.6150429375185,-0.5626295528575631
Uttar Pradesh,Gonda,4003.0,2764.0,4029.0,1.0,0.01,15.67,42.6,690.4821383962028,0.6495128653509763
Uttar Pradesh,Gorakhpur,3321.0,3769.0,3324.0,1.0,0.02,22.05,58.5,1134.8991267690456,0.09033423667570428
Uttar Pradesh,Hamirpur,4282.0,994.0,4025.0,1.0,0.02,22.59,57.7,232.1345165810369,-6.001868285847733
Uttar Pradesh,Hardoi,5986.0,3397.0,5951.0,1.0,0.01,31.36,51.900000000000006,567.4908118944203,-0.5846976277981919
Uttar Pradesh,Hathras,1840.0,1331.0,1756.0,1.0,0.01,25.2,62.5,723.3695652173913,-4.565217391304344
Uttar Pradesh,Jyotiba Phule Nagar,2249.0,1499.0,2176.0,1.0,0.0,17.27,49.5,666.5184526456203,-3.245887060915964
Uttar Pradesh,Jalaun,4565.0,1454.0,4605.0,1.0,0.01,27.04,64.5,318.5104052573932,0.8762322015334112
Uttar Pradesh,Jaunpur,4038.0,3911.0,3998.0,1.0,0.01,21.93,59.79999999999999,968.5487865279841,-0.9905894006934091
Uttar Pradesh,Jhansi,5024.0,1658.0,4953.0,1.0,0.05999999999999999,28.07,65.5,330.015923566879,-1.413216560509556
Uttar Pradesh,Kannauj,2093.0,1389.0,2097.0,1.0,0.0,18.43,61.90000000000001,663.640707118968,0.191113234591489
Uttar Pradesh,Kanpur Dehat,5111.0,1563.0,3203.0,1.0,0.02,24.85,66.4,305.81099589121504,-37.33124633144199
Uttar Pradesh,Kanpur Nagar,1065.0,4168.0,2984.0,1.0,0.05,16.45,74.4,3913.6150234741785,180.18779342723005
Uttar Pradesh,Kaushambi,2124.0,1292.0,1796.0,1.0,0.01,36.1,46.900000000000006,608.286252354049,-15.442561205273064
Uttar Pradesh,Kheri,7680.0,3206.0,7626.0,1.0,1.18,25.58,48.400000000000006,417.4479166666667,-0.7031250000000044
Uttar Pradesh,Kushinagar,2906.0,2892.0,2908.0,1.0,0.01,18.12,46.900000000000006,995.1823812801101,0.06882312456986117
Uttar Pradesh,Lalitpur,5039.0,978.0,4930.0,1.0,0.0,24.93,49.50000000000001,194.0861282000397,-2.163127604683468
Uttar Pradesh,Lucknow,2528.0,3609.0,2515.0,1.0,0.08,21.29,68.7,1427.610759493671,-0.5142405063291111
Uttar Pradesh,Maharaj Ganj,2952.0,2158.0,2910.0,1.0,0.12,19.51,46.6,731.029810298103,-1.4227642276422814
Uttar Pradesh,Mahoba,2884.0,758.0,3079.0,1.0,0.01,25.849999999999998,53.2,262.82940360610263,6.7614424410541
Uttar Pradesh,Mainpuri,2760.0,1597.0,2691.0,1.0,0.04,19.31,65.10000000000001,578.6231884057971,-2.500000000000002
Uttar Pradesh,Mathura,3340.0,2075.0,3351.0,1.0,0.01,19.6,61.5,621.2574850299401,0.3293413173652615
Uttar Pradesh,Mau,1713.0,1843.0,1655.0,1.0,0.01,11.37,55.900000000000006,1075.8902510215996,-3.3858727378867526
Uttar Pradesh,Meerut,2590.0,2967.0,2543.0,1.0,0.01,18.44,64.8,1145.5598455598456,-1.81467181467182
Uttar Pradesh,Mirzapur,4521.0,2074.0,4439.0,1.0,0.06,26.76,55.3,458.74806458748066,-1.813758018137579
Uttar Pradesh,Moradabad,3718.0,3809.0,3679.0,1.0,0.01,15.86,44.7,1024.4755244755245,-1.0489510489510523
Uttar Pradesh,Muzzaffarnagar,4008.0,3528.0,4056.0,1.0,0.0,13.5,60.7,880.2395209580839,1.1976047904191711
Uttar Pradesh,Orraiya,2015.0,1180.0,1981.0,1.0,0.01,27.69,70.5,585.6079404466501,-1.6873449131513674
Uttar Pradesh,Pilibhit,3499.0,1727.0,3756.0,1.0,0.06,16.47,49.5,493.5695913118034,7.34495570162903
Uttar Pradesh,Pratapgarh,3717.0,2731.0,3730.0,1.0,0.01,22.01,57.6,734.7323110034974,0.34974441754103136
Uttar Pradesh,Raibareli,4609.0,2872.0,4584.0,1.0,0.06,29.83,53.8,623.1286613148188,-0.5424170101974379
Uttar Pradesh,Rampur,2367.0,1920.0,2418.0,1.0,0.02,13.38,38.8,811.1533586818758,2.154626108998725
Uttar Pradesh,Saharanpur,3689.0,2807.0,3619.0,1.0,0.02,21.73,61.2,760.9108159392789,-1.8975332068311146
Uttar Pradesh,Sant Kabir Nagar,1646.0,1420.0,1644.0,1.0,0.02,21.19,50.900000000000006,862.6974483596598,-0.12150668286755595
Uttar Pradesh,Sant Ravidas Nagar,1015.0,1354.0,998.0,1.0,0.02,21.63,57.900000000000006,1333.9901477832511,-1.6748768472906406
Uttar Pradesh,Shahjahanpur,4575.0,2458.0,4336.0,1.0,0.0,17.72,49.1,537.2677595628415,-5.224043715846993
Uttar Pradesh,Siddharth Nagar,2895.0,1996.0,2810.0,1.0,0.01,16.53,42.3,689.4645941278065,-2.936096718480141
Uttar Pradesh,Sitapur,5743.0,3620.0,5759.0,1.0,0.01,31.87,48.3,630.3325787915724,0.27860003482500506
Uttar Pradesh,Sonbhadra,6788.0,1503.0,6849.0,1.0,0.05,34.34,52.3,221.4201532115498,0.8986446670595116
Uttar Pradesh,Sultanpur,4436.0,3215.0,4480.0,1.0,0.01,22.25,55.8,724.7520288548242,0.9918845807033394
Uttar Pradesh,Unnao,4558.0,2700.0,4558.0,1.0,0.04,30.64,54.6,592.3650724001756,0.0
Uttar Pradesh,Varanasi,1528.0,3123.0,1546.0,1.0,0.02,13.880000000000003,66.10000000000001,2043.848167539267,1.1780104712041828
West Bengal,Bankura,6882.0,3193.0,6932.0,1.0,10.36,31.24,63.400000000000006,463.963963963964,0.7265329845975055
West Bengal,Bardhman,7024.0,6878.0,7025.0,1.0,6.41,26.98,70.2,979.2141230068337,0.014236902050113187
West Bengal,Birbhum,4545.0,2981.0,4528.0,1.0,6.740000000000001,29.509999999999998,61.5,655.8855885588558,-0.3740374037403793
West Bengal,Calcutta,185.0,4573.0,194.0,1.0,0.21,6.01,80.9,24718.91891891892,4.86486486486486
West Bengal,Coochbehar,3387.0,2479.0,3354.0,1.0,0.5700000000000001,50.11,66.3,731.9161499852377,-0.9743135518157642
West Bengal,Dakshin Dinajpur,2219.0,1498.0,2212.0,1.0,16.12,28.78,63.60000000000001,675.0788643533123,-0.3154574132492094
West Bengal,Darjeeling,3149.0,1609.0,3176.0,1.0,12.69,16.09,71.8,510.95585900285806,0.857415052397581
West Bengal,Howrah,1467.0,4262.0,1456.0,1.0,0.45,15.419999999999998,77.0,2905.2488070892978,-0.749829584185413
West Bengal,Hoogli,3149.0,4966.0,3155.0,1.0,4.21,23.58,75.10000000000001,1577.008574150524,0.19053667831057108
West Bengal,Jalpaiguri,6227.0,3401.0,6262.0,1.0,18.87,36.71,62.900000000000006,546.1699052513248,0.5620684117552566
West Bengal,Maldah,3733.0,3290.0,3743.0,1.0,6.9,16.84,50.29999999999999,881.3286900616126,0.2678810608089943
West Bengal,Medinipur,14081.0,9547.0,13364.0,2.0,8.31,16.4,74.89999999999999,678.0058234500391,-5.091967900007099
West Bengal,Murshidabad,5324.0,5867.0,5296.0,1.0,1.29,12.0,54.3,1101.9909842223892,-0.5259203606311047
West Bengal,Nadia,3927.0,4584.0,3904.0,1.0,2.47,29.66,66.10000000000002,1167.3032849503438,-0.5856888209829436
West Bengal,24 Pargana North,4094.0,8923.0,3998.0,1.0,2.23,20.6,78.10000000000001,2179.531021006351,-2.344894968246214
West Bengal,Purulia,6259.0,2537.0,6227.0,1.0,18.27,18.29,55.6,405.33631570538427,-0.5112637801565789
West Bengal,24 Pargana South,9960.0,6901.0,8487.0,1.0,1.23,32.12,69.4,692.8714859437752,-14.789156626506028
West Bengal,Uttar Dinajpur,3140.0,2426.0,3162.0,1.0,5.11,27.710000000000004,47.900000000000006,772.6114649681529,0.7006369426751702
