variable,n,mean,sd,min,p25,median,p75,max
forest cover (%),289,15.553979238754327,16.3630767367031,0.0,1.78,8.93,25.38,69.78
dense forest (%),289,9.222398582558249,10.682958740748832,0.0,1.1204481792717087,4.516724664441446,14.274160938131825,54.48237579794616
recorded events (21 years),289,13.020761245674741,71.01926272910158,0.0,0.0,0.0,3.0,1087.0
events with >=1 death,289,12.460207612456747,69.03858101099921,0.0,0.0,0.0,2.0,1062.0
civilian + government-side deaths,289,15.965397923875432,94.92339115006328,0.0,0.0,0.0,3.0,1488.0
"annual events per 1,000 km2",289,0.07739412298045406,0.24864165133637786,0.0,0.0,0.0,0.0280607234054493,2.935346759776838
area (km2),289,5832.117647058823,3931.51164471123,157.0,2906.0,4686.0,7685.0,19130.0
population (thousands),289,2220.0622837370242,1445.710029419047,274.0,1274.0,1861.0,2892.0,9547.0
population density (per km2),289,735.787394087173,2214.494314163339,39.582624475445165,205.89668615984405,384.5966366073605,724.7520288548242,24718.91891891892
Scheduled Tribe share (%),289,11.955510899362396,17.5149832239196,0.0,0.08,3.5700000000000003,15.13,86.84718794835008
Scheduled Caste share (%),289,16.565857913971858,6.973420459323166,1.44,12.27,16.47,20.6,50.11
literacy (%),289,59.41668243399448,12.22635802010945,30.200000000000006,51.6,60.0,68.7,86.9
mean elevation (m),289,252.81968697025326,188.0412600480178,4.45645166781792,90.83695419727992,199.42606655106025,388.3437158382743,909.9285793401516
within-district elevation SD (m),289,68.38809700794195,75.52753245824772,1.5812423443472086,7.084104731312857,53.885918727665256,104.1818237985858,761.5964826616288
