state,fsi_2001_unit,area_km2,dense_forest_km2,open_forest_km2,forest_km2,forest_pct,scrub_km2,source_pdf_page,source_table,unit_type,events,fatal_events,victim_deaths,civilian_deaths,events_per_1000km2_year,victim_deaths_per_1000km2_year
Andhra Pradesh,Adilabad,16128.0,3871.0,2180.0,6051.0,37.52,123.0,42,6.01,single,6,5,1,1,0.017715419501133783,0.002952569916855631
Andhra Pradesh,Anantapur,19130.0,182.0,329.0,511.0,2.67,992.0,42,6.01,single,6,6,1,1,0.01493540437607348,0.002489234062678914
Andhra Pradesh,Chittoor,15151.0,885.0,1223.0,2108.0,13.91,1497.0,42,6.01,single,0,0,0,0,0.0,0.0
Andhra Pradesh,Cuddapah,15359.0,1858.0,1490.0,3348.0,21.8,1347.0,42,6.01,single,5,5,2,1,0.01550200130836891,0.0062008005233475634
Andhra Pradesh,East Godawari,10807.0,2421.0,1089.0,3510.0,32.48,152.0,42,6.01,single,11,10,6,6,0.048469466439300814,0.026437890785073165
Andhra Pradesh,Guntur,11391.0,346.0,651.0,997.0,8.75,370.0,42,6.01,single,11,11,11,5,0.04598450740141549,0.04598450740141549
Andhra Pradesh,Karimnagar,11823.0,920.0,708.0,1628.0,13.77,163.0,42,6.01,single,8,7,6,6,0.03222129585996625,0.024165971894974686
Andhra Pradesh,Khammam,16029.0,5225.0,1957.0,7182.0,44.81,104.0,42,6.01,single,68,66,42,37,0.20201480055494653,0.12477384740158462
Andhra Pradesh,Krishna,8727.0,79.0,195.0,274.0,3.14,249.0,42,6.01,single,0,0,0,0,0.0,0.0
Andhra Pradesh,Kurnool,17658.0,1501.0,629.0,2130.0,12.06,470.0,42,6.01,single,5,5,9,8,0.013483703595834076,0.02427066647250134
Andhra Pradesh,Mahboobnagar,18432.0,885.0,1146.0,2031.0,11.02,306.0,42,6.01,single,14,14,11,6,0.03616898148148148,0.028418485449735454
Andhra Pradesh,Medak,9700.0,73.0,495.0,568.0,5.86,185.0,42,6.01,single,0,0,0,0,0.0,0.0
Andhra Pradesh,Nalgonda,14240.0,75.0,119.0,194.0,1.36,339.0,42,6.01,single,8,8,7,3,0.026752273943285183,0.023408239700374533
Andhra Pradesh,Nellore,13076.0,270.0,668.0,938.0,7.17,728.0,42,6.01,single,1,1,3,3,0.0036417136447726844,0.010925140934318053
Andhra Pradesh,Nizamabad,7956.0,260.0,864.0,1124.0,14.13,92.0,42,6.01,single,2,2,1,1,0.011970600205894324,0.005985300102947162
Andhra Pradesh,Prakasham,17626.0,1385.0,1619.0,3004.0,17.04,933.0,42,6.01,single,16,16,6,6,0.0432261864237355,0.01620981990890081
Andhra Pradesh,Srikakulam,5837.0,168.0,279.0,447.0,7.66,410.0,42,6.01,single,1,1,1,1,0.008158137334083883,0.008158137334083883
Andhra Pradesh,Vizianagaram,6539.0,208.0,534.0,742.0,11.35,324.0,42,6.01,single,7,7,4,4,0.0509761941173472,0.029129253781341256
Andhra Pradesh,Vishakapatnam,11161.0,1986.0,1350.0,3336.0,29.89,738.0,42,6.01,single,78,75,65,56,0.3327914805380982,0.27732623378174853
Andhra Pradesh,Warangal,12847.0,2545.0,683.0,3228.0,25.13,109.0,42,6.01,single,22,22,7,7,0.08154581206655621,0.0259463947484497
Andhra Pradesh,West Godawari,7742.0,638.0,267.0,905.0,11.69,41.0,42,6.01,single,0,0,0,0,0.0,0.0
Andhra Pradesh,Hyderabad + Rangareddy,7710.0,46.0,335.0,381.0,4.94,235.0,42,6.01,combined,1,0,0,0,0.006176270767710457,0.0
Bihar,Araria,2830.0,59.0,3.0,62.0,2.19,0.0,48,6.04,single,0,0,0,0,0.0,0.0
Bihar,Aurangabad,3305.0,50.0,93.0,143.0,4.33,12.0,48,6.04,single,30,29,67,37,0.4322455154527772,0.9653483178445357
Bihar,Banka,3022.0,136.0,61.0,197.0,6.52,7.0,48,6.04,single,8,8,10,10,0.12605968926286598,0.15757461157858246
Bihar,Begusarai,1918.0,30.0,0.0,30.0,1.56,0.0,48,6.04,single,2,2,2,2,0.04965489845573266,0.04965489845573266
Bihar,Bhabua,3381.0,498.0,542.0,1040.0,30.76,10.0,48,6.04,single,2,1,1,1,0.028168617343417697,0.014084308671708849
Bihar,Bhagalpur,2567.0,21.0,0.0,21.0,0.82,0.0,48,6.04,single,0,0,0,0,0.0,0.0
Bihar,Bhojpur,2390.0,11.0,0.0,11.0,0.46,0.0,48,6.04,single,0,0,0,0,0.0,0.0
Bihar,Buxar,1708.0,15.0,0.0,15.0,0.88,0.0,48,6.04,single,1,1,1,0,0.027880004460800713,0.027880004460800713
Bihar,Darbhanga,2279.0,23.0,0.0,23.0,1.01,0.0,48,6.04,single,1,0,0,0,0.020894711548507073,0.0
Bihar,Gaya,4976.0,123.0,425.0,548.0,11.01,35.0,48,6.04,single,56,54,71,40,0.5359056806002144,0.6794518450467004
Bihar,Goplaganj,2033.0,10.0,0.0,10.0,0.49,0.0,48,6.04,single,0,0,0,0,0.0,0.0
Bihar,Jamui,3107.0,387.0,250.0,637.0,20.5,2.0,48,6.04,single,48,46,79,60,0.7356660076325348,1.2107836375618803
Bihar,Jehanabad,1569.0,4.0,0.0,4.0,0.25,6.0,48,6.04,single,3,2,5,2,0.09104980424292088,0.15174967373820145
Bihar,Katihar,3057.0,11.0,0.0,11.0,0.36,0.0,48,6.04,single,0,0,0,0,0.0,0.0
Bihar,Khagaria,1486.0,13.0,0.0,13.0,0.87,0.0,48,6.04,single,1,1,1,0,0.03204511952829584,0.03204511952829584
Bihar,Kishanganj,1884.0,12.0,0.0,12.0,0.64,0.0,48,6.04,single,0,0,0,0,0.0,0.0
Bihar,Lakhisarai,1356.0,157.0,70.0,227.0,16.74,7.0,48,6.04,single,20,19,27,16,0.7023458350891979,0.9481668773704173
Bihar,Madhepura,1788.0,21.0,1.0,22.0,1.23,0.0,48,6.04,single,0,0,0,0,0.0,0.0
Bihar,Madhubani,3501.0,15.0,0.0,15.0,0.43,0.0,49,6.04,single,1,1,1,1,0.013601556018008462,0.013601556018008462
Bihar,Munger,1347.0,212.0,51.0,263.0,19.52,9.0,49,6.04,single,26,25,46,25,0.9191501396401174,1.6261887085940538
Bihar,Muzaffarpur,3172.0,5.0,0.0,5.0,0.16,0.0,49,6.04,single,9,8,12,6,0.13511079084849578,0.18014772113132768
Bihar,Nalanda,2367.0,25.0,21.0,46.0,1.94,8.0,49,6.04,single,1,1,2,0,0.0201178908403243,0.0402357816806486
Bihar,Nawada,2494.0,195.0,297.0,492.0,19.73,8.0,49,6.04,single,6,5,13,2,0.11456065986940085,0.24821476305036852
Bihar,Paschimi Champaran,5228.0,770.0,205.0,975.0,18.65,2.0,49,6.04,single,2,2,1,1,0.018216927168725177,0.009108463584362589
Bihar,Patna,3202.0,34.0,0.0,34.0,1.06,0.0,49,6.04,single,0,0,0,0,0.0,0.0
Bihar,Purbi Champaran,3968.0,24.0,0.0,24.0,0.6,0.0,49,6.04,single,14,14,22,16,0.16801075268817206,0.26401689708141324
Bihar,Purnia,3229.0,44.0,7.0,51.0,1.58,0.0,49,6.04,single,0,0,0,0,0.0,0.0
Bihar,Rohtas,3832.0,344.0,321.0,665.0,17.35,16.0,49,6.04,single,11,11,16,14,0.13669350830102397,0.19882692116512574
Bihar,Saharsa,1680.0,10.0,1.0,11.0,0.65,0.0,49,6.04,single,0,0,0,0,0.0,0.0
Bihar,Samastipur,2904.0,32.0,0.0,32.0,1.1,0.0,49,6.04,single,0,0,0,0,0.0,0.0
Bihar,Saran,2641.0,15.0,0.0,15.0,0.57,0.0,49,6.04,single,1,0,0,0,0.01803068823136979,0.0
Bihar,Sheikhpura,612.0,2.0,0.0,2.0,0.33,0.0,49,6.04,single,0,0,0,0,0.0,0.0
Bihar,Sheohar,572.0,1.0,0.0,1.0,0.17,0.0,49,6.04,single,3,3,9,4,0.24975024975024976,0.7492507492507493
Bihar,Sitamarhi,2071.0,13.0,0.0,13.0,0.63,0.0,49,6.04,single,2,2,3,2,0.04598652594789726,0.0689797889218459
Bihar,Siwan,2219.0,5.0,0.0,5.0,0.23,0.0,49,6.04,single,0,0,0,0,0.0,0.0
Bihar,Sapaul,2432.0,28.0,0.0,28.0,1.15,0.0,49,6.04,single,0,0,0,0,0.0,0.0
Bihar,Vaishali,2036.0,17.0,0.0,17.0,0.83,0.0,49,6.04,single,5,5,9,8,0.11694265132379081,0.21049677238282344
Chhattisgarh,Bastar,14974.0,5817.0,2385.0,8202.0,54.77,1.0,50,6.05,single,267,260,313,110,0.8490908050144059,0.9953761122453523
Chhattisgarh,Bilaspur,8270.0,2093.0,409.0,2502.0,30.25,17.0,50,6.05,single,1,1,0,0,0.005758046870501526,0.0
Chhattisgarh,Dantewara,17634.0,7451.0,4601.0,12052.0,68.35,10.0,50,6.05,single,1087,1062,1488,551,2.935346759776838,4.018211571801229
Chhattisgarh,Durg,8549.0,553.0,233.0,786.0,9.19,9.0,51,6.05,single,2,2,3,0,0.011140261461936512,0.01671039219290477
Chhattisgarh,Janjgir-Champa,3852.0,72.0,72.0,144.0,3.74,4.0,51,6.05,single,0,0,0,0,0.0,0.0
Chhattisgarh,Jashpur,5838.0,1249.0,904.0,2153.0,36.88,14.0,51,6.05,single,1,1,2,0,0.008156739914191096,0.01631347982838219
Chhattisgarh,Kanker,6506.0,2386.0,910.0,3296.0,50.66,12.0,51,6.05,single,126,120,132,74,0.9222256378727329,0.9661411444381012
Chhattisgarh,Kawardha,6745.0,1097.0,476.0,1573.0,23.32,21.0,51,6.05,single,4,3,0,0,0.028239613117300295,0.0
Chhattisgarh,Korba,6599.0,2287.0,1035.0,3322.0,50.34,10.0,51,6.05,single,0,0,0,0,0.0,0.0
Chhattisgarh,Koriya,6604.0,2748.0,1319.0,4067.0,61.58,15.0,51,6.05,single,1,1,0,0,0.007210637131896975,0.0
Chhattisgarh,Mahasamud,4789.0,641.0,319.0,960.0,20.05,26.0,51,6.05,single,2,2,3,3,0.019886843858445444,0.02983026578766817
Chhattisgarh,Raigarh,7086.0,1339.0,1175.0,2514.0,35.48,4.0,51,6.05,single,3,3,2,2,0.020160477400104834,0.013440318266736558
Chhattisgarh,Rajnandgaon,5546.0,1563.0,936.0,2499.0,45.06,7.0,51,6.05,single,64,61,88,40,0.5495165971184723,0.7555853210378993
Chhattisgarh,Surguja,15731.0,5401.0,1769.0,7170.0,45.58,32.0,51,6.05,single,17,15,12,5,0.051460416345039055,0.03632499977296875
Chhattisgarh,Raipur + Dhamtari,16468.0,3183.0,2025.0,5208.0,31.62,18.0,51,6.05,combined,31,31,27,10,0.08963993661588998,0.0780734931815816
Jharkhand,Bokaro,1929.0,270.0,304.0,574.0,29.76,58.0,64,6.12,single,32,30,47,17,0.7899479128094992,1.160235996938952
Jharkhand,Chatra,3732.0,945.0,950.0,1895.0,50.78,35.0,64,6.12,single,36,36,30,25,0.45934772622875525,0.3827897718572959
Jharkhand,Deoghar,2479.0,73.0,15.0,88.0,3.55,3.0,64,6.12,single,0,0,0,0,0.0,0.0
Jharkhand,Dhanbad,2996.0,70.0,104.0,174.0,5.81,21.0,64,6.12,single,4,4,4,1,0.06357683260219976,0.06357683260219976
Jharkhand,Dumka,6212.0,231.0,257.0,488.0,7.86,109.0,64,6.12,single,13,13,26,8,0.09965351240302946,0.1993070248060589
Jharkhand,Garhwa,4092.0,670.0,705.0,1375.0,33.6,59.0,64,6.12,single,17,17,30,12,0.1978308429921333,0.3491132523390588
Jharkhand,Giridih,4963.0,324.0,459.0,783.0,15.78,26.0,64,6.12,single,42,38,76,58,0.4029820672980053,0.7292056455868666
Jharkhand,Godda,2110.0,163.0,227.0,390.0,18.48,22.0,64,6.12,single,2,2,4,0,0.04513653802753329,0.09027307605506658
Jharkhand,Gumla,9077.0,1231.0,1255.0,2486.0,27.39,58.0,64,6.12,single,67,60,73,53,0.3514901608985557,0.3829668917252921
Jharkhand,Hazaribagh,5998.0,909.0,1253.0,2162.0,36.05,66.0,64,6.12,single,22,22,12,8,0.17466139506819736,0.09526985185538038
Jharkhand,Kodarma,1435.0,229.0,387.0,616.0,42.93,3.0,64,6.12,single,3,2,0,0,0.09955201592832255,0.0
Jharkhand,Lohardaga,1491.0,392.0,165.0,557.0,37.36,11.0,64,6.12,single,18,17,24,12,0.5748778384593274,0.7665037846124366
Jharkhand,Pakaur,1571.0,79.0,215.0,294.0,18.71,17.0,64,6.12,single,1,1,2,2,0.030311297020399502,0.060622594040799005
Jharkhand,Palamu,8657.0,2616.0,1244.0,3860.0,44.59,205.0,64,6.12,single,91,84,142,63,0.5005583150437026,0.7810909971011623
Jharkhand,Paschimi Singhbhum,9907.0,2103.0,1624.0,3727.0,37.62,84.0,64,6.12,single,105,101,125,68,0.504693650953871,0.6008257749450846
Jharkhand,Purbi Singhbhum,3533.0,597.0,288.0,885.0,25.05,60.0,64,6.12,single,41,36,44,22,0.5526127801814188,0.593047861658108
Jharkhand,Ranchi,7698.0,735.0,997.0,1732.0,22.5,68.0,64,6.12,single,70,65,92,64,0.43301290378453283,0.5691026735453859
Jharkhand,Sahibganj,1834.0,150.0,401.0,551.0,30.04,71.0,64,6.12,single,0,0,0,0,0.0,0.0
Madhya Pradesh,Balaghat,9229.0,3977.0,900.0,4877.0,52.84,25.0,70,6.15,single,25,24,11,11,0.12899297762229822,0.05675691015381122
Madhya Pradesh,Barwani,5422.0,315.0,626.0,941.0,17.36,67.0,70,6.15,single,0,0,0,0,0.0,0.0
Madhya Pradesh,Betul,10043.0,2957.0,677.0,3634.0,36.18,91.0,70,6.15,single,0,0,0,0,0.0,0.0
Madhya Pradesh,Bhind,4459.0,23.0,73.0,96.0,2.15,57.0,71,6.15,single,0,0,0,0,0.0,0.0
Madhya Pradesh,Bhopal,2772.0,204.0,188.0,392.0,14.14,48.0,71,6.15,single,1,1,1,0,0.017178588607160036,0.017178588607160036
Madhya Pradesh,Chhatarpur,8687.0,971.0,723.0,1694.0,19.5,99.0,71,6.15,single,0,0,0,0,0.0,0.0
Madhya Pradesh,Chhindwara,11815.0,2681.0,1864.0,4545.0,38.47,113.0,71,6.15,single,0,0,0,0,0.0,0.0
Madhya Pradesh,Damoh,7306.0,831.0,1895.0,2726.0,37.31,5.0,71,6.15,single,0,0,0,0,0.0,0.0
Madhya Pradesh,Datia,2691.0,90.0,76.0,166.0,6.17,44.0,71,6.15,single,0,0,0,0,0.0,0.0
Madhya Pradesh,Dewas,7020.0,1157.0,560.0,1717.0,24.46,41.0,71,6.15,single,0,0,0,0,0.0,0.0
Madhya Pradesh,Dhar,8153.0,162.0,469.0,631.0,7.74,21.0,71,6.15,single,0,0,0,0,0.0,0.0
Madhya Pradesh,Dindori,7470.0,2284.0,596.0,2880.0,38.55,43.0,71,6.15,single,0,0,0,0,0.0,0.0
Madhya Pradesh,Nimar East,10776.0,2394.0,1122.0,3516.0,32.63,2.0,71,6.15,single,0,0,0,0,0.0,0.0
Madhya Pradesh,Guna,11064.0,867.0,1346.0,2213.0,20.0,98.0,71,6.15,single,0,0,0,0,0.0,0.0
Madhya Pradesh,Gwaliar,4560.0,500.0,840.0,1340.0,29.39,95.0,71,6.15,single,0,0,0,0,0.0,0.0
Madhya Pradesh,Harda,3330.0,908.0,149.0,1057.0,31.74,3.0,71,6.15,single,0,0,0,0,0.0,0.0
Madhya Pradesh,Hoshangabad,6707.0,1969.0,359.0,2328.0,34.71,40.0,71,6.15,single,0,0,0,0,0.0,0.0
Madhya Pradesh,Indore,3898.0,253.0,237.0,490.0,12.57,6.0,71,6.15,single,0,0,0,0,0.0,0.0
Madhya Pradesh,Jabalpur,5211.0,661.0,411.0,1072.0,20.57,125.0,71,6.15,single,0,0,0,0,0.0,0.0
Madhya Pradesh,Jhabua,6778.0,255.0,626.0,881.0,13.0,45.0,71,6.15,single,0,0,0,0,0.0,0.0
Madhya Pradesh,Katni,4950.0,611.0,545.0,1156.0,23.35,86.0,71,6.15,single,0,0,0,0,0.0,0.0
Madhya Pradesh,Mandla,5800.0,1990.0,779.0,2769.0,47.74,57.0,71,6.15,single,3,3,1,1,0.024630541871921183,0.008210180623973726
Madhya Pradesh,Mandsaur,5535.0,87.0,175.0,262.0,4.73,24.0,71,6.15,single,0,0,0,0,0.0,0.0
Madhya Pradesh,Morena,4989.0,228.0,646.0,874.0,17.52,278.0,71,6.15,single,0,0,0,0,0.0,0.0
Madhya Pradesh,Narshimhapur,5133.0,812.0,500.0,1312.0,25.56,92.0,71,6.15,single,0,0,0,0,0.0,0.0
Madhya Pradesh,Neemuch,4256.0,298.0,601.0,899.0,21.12,59.0,71,6.15,single,0,0,0,0,0.0,0.0
Madhya Pradesh,Panna,7135.0,905.0,1817.0,2722.0,38.15,199.0,71,6.15,single,0,0,0,0,0.0,0.0
Madhya Pradesh,Raisen,8466.0,1589.0,1107.0,2696.0,31.85,79.0,71,6.15,single,0,0,0,0,0.0,0.0
Madhya Pradesh,Rajgarh,6153.0,197.0,71.0,268.0,4.36,33.0,71,6.15,single,0,0,0,0,0.0,0.0
Madhya Pradesh,Ratlam,4861.0,7.0,177.0,184.0,3.79,66.0,71,6.15,single,0,0,0,0,0.0,0.0
Madhya Pradesh,Rewa,6314.0,283.0,360.0,643.0,10.18,73.0,71,6.15,single,0,0,0,0,0.0,0.0
Madhya Pradesh,Sagar,10252.0,1292.0,1525.0,2817.0,27.48,69.0,71,6.15,single,0,0,0,0,0.0,0.0
Madhya Pradesh,Satna,7502.0,666.0,998.0,1664.0,22.18,139.0,71,6.15,single,0,0,0,0,0.0,0.0
Madhya Pradesh,Sehore,6578.0,739.0,698.0,1437.0,21.85,29.0,71,6.15,single,0,0,0,0,0.0,0.0
Madhya Pradesh,Seoni,8758.0,2237.0,910.0,3147.0,35.93,59.0,71,6.15,single,0,0,0,0,0.0,0.0
Madhya Pradesh,Shahdol,9952.0,1005.0,1521.0,2526.0,25.38,132.0,71,6.15,single,0,0,0,0,0.0,0.0
Madhya Pradesh,Shajapur,6195.0,148.0,2.0,150.0,2.42,3.0,71,6.15,single,0,0,0,0,0.0,0.0
Madhya Pradesh,Sheopur,6606.0,2070.0,1679.0,3749.0,56.75,222.0,71,6.15,single,0,0,0,0,0.0,0.0
Madhya Pradesh,Shivpuri,10277.0,1054.0,1492.0,2546.0,24.77,356.0,71,6.15,single,0,0,0,0,0.0,0.0
Madhya Pradesh,Sidhi,10526.0,2470.0,1624.0,4094.0,38.89,89.0,71,6.15,single,0,0,0,0,0.0,0.0
Madhya Pradesh,Tikamgarh,5048.0,127.0,227.0,354.0,7.01,49.0,71,6.15,single,0,0,0,0,0.0,0.0
Madhya Pradesh,Ujjain,6091.0,32.0,5.0,37.0,0.61,9.0,71,6.15,single,0,0,0,0,0.0,0.0
Madhya Pradesh,Umaria,4076.0,1100.0,699.0,1799.0,44.14,28.0,71,6.15,single,0,0,0,0,0.0,0.0
Madhya Pradesh,Vidisha,7371.0,437.0,441.0,878.0,11.91,111.0,71,6.15,single,0,0,0,0,0.0,0.0
Madhya Pradesh,Nimar West,8030.0,541.0,545.0,1086.0,13.52,43.0,71,6.15,single,0,0,0,0,0.0,0.0
Maharashtra,Ahmadnagar,17048.0,193.0,119.0,312.0,1.83,379.0,73,6.16,single,0,0,0,0,0.0,0.0
Maharashtra,Akola,5390.0,204.0,157.0,361.0,6.7,39.0,73,6.16,single,0,0,0,0,0.0,0.0
Maharashtra,Amravati,12210.0,2193.0,944.0,3137.0,25.69,136.0,73,6.16,single,0,0,0,0,0.0,0.0
Maharashtra,Aurangabad,10107.0,148.0,341.0,489.0,4.84,371.0,73,6.16,single,0,0,0,0,0.0,0.0
Maharashtra,Bhandara,3588.0,686.0,241.0,927.0,25.84,29.0,73,6.16,single,0,0,0,0,0.0,0.0
Maharashtra,Bid,10693.0,206.0,55.0,261.0,2.44,389.0,73,6.16,single,0,0,0,0,0.0,0.0
Maharashtra,Mumbai City,157.0,0.0,1.0,1.0,0.64,0.0,73,6.16,single,0,0,0,0,0.0,0.0
Maharashtra,Mumbai Suburb,446.0,53.0,29.0,82.0,18.39,3.0,73,6.16,single,0,0,0,0,0.0,0.0
Maharashtra,Buldana,9661.0,233.0,386.0,619.0,6.41,77.0,73,6.16,single,0,0,0,0,0.0,0.0
Maharashtra,Chandrapur,11443.0,2755.0,1192.0,3947.0,34.49,84.0,73,6.16,single,0,0,0,0,0.0,0.0
Maharashtra,Dhule,7189.0,96.0,397.0,493.0,6.86,151.0,74,6.16,single,0,0,0,0,0.0,0.0
Maharashtra,Gadchiroli,14412.0,7852.0,2204.0,10056.0,69.78,54.0,74,6.16,single,277,267,319,180,0.9152425888479179,1.0540158333663747
Maharashtra,Gondiya,5733.0,1636.0,538.0,2174.0,37.92,43.0,74,6.16,single,10,9,15,5,0.08306130755110347,0.1245919613266552
Maharashtra,Hingoli,4686.0,48.0,69.0,117.0,2.5,74.0,74,6.16,single,0,0,0,0,0.0,0.0
Maharashtra,Jalgaon,11765.0,451.0,791.0,1242.0,10.56,106.0,74,6.16,single,0,0,0,0,0.0,0.0
Maharashtra,Jalna,7718.0,85.0,17.0,102.0,1.32,60.0,74,6.16,single,0,0,0,0,0.0,0.0
Maharashtra,Raigarh,7152.0,1214.0,1074.0,2288.0,31.99,375.0,74,6.16,single,0,0,0,0,0.0,0.0
Maharashtra,Kolhapur,7685.0,1145.0,669.0,1814.0,23.6,131.0,74,6.16,single,0,0,0,0,0.0,0.0
Maharashtra,Latur,7157.0,66.0,0.0,66.0,0.92,14.0,74,6.16,single,0,0,0,0,0.0,0.0
Maharashtra,Nagpur,9892.0,1412.0,550.0,1962.0,19.83,93.0,74,6.16,single,1,1,16,0,0.004813894826025841,0.07702231721641345
Maharashtra,Nanded,10528.0,495.0,358.0,853.0,8.1,61.0,74,6.16,single,0,0,0,0,0.0,0.0
Maharashtra,Nandurbar,5961.0,537.0,901.0,1438.0,24.12,50.0,74,6.16,single,0,0,0,0,0.0,0.0
Maharashtra,Nashik,15530.0,422.0,676.0,1098.0,7.07,1078.0,74,6.16,single,0,0,0,0,0.0,0.0
Maharashtra,Osmanabad,7569.0,60.0,32.0,92.0,1.22,61.0,74,6.16,single,0,0,0,0,0.0,0.0
Maharashtra,Parbhani,6355.0,107.0,27.0,134.0,2.11,10.0,74,6.16,single,0,0,0,0,0.0,0.0
Maharashtra,Pune,15643.0,649.0,665.0,1314.0,8.4,739.0,74,6.16,single,0,0,0,0,0.0,0.0
Maharashtra,Ratnagiri,8208.0,1905.0,306.0,2211.0,26.94,279.0,74,6.16,single,0,0,0,0,0.0,0.0
Maharashtra,Sangli,8572.0,102.0,48.0,150.0,1.75,63.0,74,6.16,single,0,0,0,0,0.0,0.0
Maharashtra,Satara,10480.0,581.0,328.0,909.0,8.67,513.0,74,6.16,single,0,0,0,0,0.0,0.0
Maharashtra,Sholapur,14895.0,37.0,16.0,53.0,0.36,16.0,74,6.16,single,0,0,0,0,0.0,0.0
Maharashtra,Sindhudurg,5207.0,1970.0,408.0,2378.0,45.67,109.0,74,6.16,single,0,0,0,0,0.0,0.0
Maharashtra,Thane,9558.0,1253.0,1418.0,2671.0,27.95,333.0,74,6.16,single,0,0,0,0,0.0,0.0
Maharashtra,Wardha,6309.0,592.0,254.0,846.0,13.41,57.0,74,6.16,single,0,0,0,0,0.0,0.0
Maharashtra,Washim,5184.0,128.0,207.0,335.0,6.46,38.0,74,6.16,single,0,0,0,0,0.0,0.0
Maharashtra,Yavatmal,13582.0,1380.0,1170.0,2550.0,18.77,122.0,74,6.16,single,0,0,0,0,0.0,0.0
Odisha,Angul,6375.0,1658.0,992.0,2650.0,41.57,156.0,82,6.21,single,2,2,2,2,0.014939309056956115,0.014939309056956115
Odisha,Baleshwar,3806.0,147.0,159.0,306.0,8.04,51.0,82,6.21,single,0,0,0,0,0.0,0.0
Odisha,Baragarh,5837.0,423.0,481.0,904.0,15.49,112.0,82,6.21,single,8,8,4,3,0.06526509867267107,0.03263254933633553
Odisha,Bhadrak,2505.0,23.0,8.0,31.0,1.24,0.0,82,6.21,single,0,0,0,0,0.0,0.0
Odisha,Bolangir,6575.0,504.0,488.0,992.0,15.09,310.0,82,6.21,single,14,12,4,3,0.10139416983523447,0.028969762810066992
Odisha,Boudh,3098.0,770.0,510.0,1280.0,41.32,71.0,82,6.21,single,1,1,0,0,0.015370899812475022,0.0
Odisha,Cuttack,3932.0,362.0,294.0,656.0,16.68,183.0,82,6.21,single,0,0,0,0,0.0,0.0
Odisha,Deogarh,2940.0,781.0,577.0,1358.0,46.19,12.0,82,6.21,single,5,5,3,3,0.08098477486232587,0.04859086491739553
Odisha,Dhenkanal,4452.0,660.0,606.0,1266.0,28.44,179.0,82,6.21,single,2,2,3,0,0.021392204680614386,0.03208830702092158
Odisha,Gajpati,4325.0,1429.0,1123.0,2552.0,59.01,205.0,82,6.21,single,4,4,11,2,0.04404073768235618,0.12111202862647949
Odisha,Ganjam,8206.0,1095.0,1093.0,2188.0,26.66,870.0,82,6.21,single,1,0,0,0,0.005802954864617063,0.0
Odisha,Jagatsinghpur,1668.0,15.0,9.0,24.0,1.44,1.0,82,6.21,single,0,0,0,0,0.0,0.0
Odisha,Jajpur,2899.0,122.0,137.0,259.0,8.93,46.0,82,6.21,single,1,1,0,0,0.01642602539463526,0.0
Odisha,Jharsuguda,2081.0,107.0,169.0,276.0,13.26,33.0,82,6.21,single,0,0,0,0,0.0,0.0
Odisha,Kalahandi,7920.0,1161.0,978.0,2139.0,27.01,569.0,82,6.21,single,23,23,17,14,0.1382876382876383,0.1022126022126022
Odisha,Kendarpara,2644.0,196.0,21.0,217.0,8.21,0.0,83,6.21,single,0,0,0,0,0.0,0.0
Odisha,Keonjhar,8303.0,1669.0,1709.0,3378.0,40.68,45.0,83,6.21,single,10,10,9,6,0.05735161702884213,0.05161645532595791
Odisha,Khandamal,8021.0,3063.0,2327.0,5390.0,67.2,376.0,83,6.21,single,44,42,36,31,0.2612190618673601,0.21372468698238553
Odisha,Khurda,2813.0,277.0,157.0,434.0,15.43,209.0,83,6.21,single,1,1,0,0,0.016928207472110778,0.0
Odisha,Koraput,8807.0,669.0,815.0,1484.0,16.85,738.0,83,6.21,single,89,85,115,62,0.48121894380552266,0.6217997588498326
Odisha,Malkangiri,5791.0,1076.0,1112.0,2188.0,37.78,11.0,83,6.21,single,161,152,200,117,1.3238933978011858,1.644588071802715
Odisha,Mayurbhanj,10418.0,2883.0,1249.0,4132.0,39.66,37.0,83,6.21,single,5,5,7,4,0.022854217517300643,0.031995904524220894
Odisha,Nawapara,3852.0,588.0,649.0,1237.0,32.11,146.0,83,6.21,single,20,18,27,11,0.2472432378974435,0.33377837116154874
Odisha,Nawrangpur,5291.0,687.0,463.0,1150.0,21.74,116.0,83,6.21,single,10,8,9,8,0.09000009000009,0.081000081000081
Odisha,Nayagarh,3890.0,1031.0,674.0,1705.0,43.83,262.0,83,6.21,single,1,1,16,2,0.012241400416207613,0.1958624066593218
Odisha,Puri,3479.0,179.0,32.0,211.0,6.06,51.0,83,6.21,single,0,0,0,0,0.0,0.0
Odisha,Rayagada,7073.0,1308.0,1425.0,2733.0,38.64,601.0,83,6.21,single,20,20,13,10,0.1346502124107101,0.08752263806696155
Odisha,Sambalpur,6657.0,2291.0,998.0,3289.0,49.41,64.0,83,6.21,single,4,3,8,5,0.02861291730151577,0.05722583460303154
Odisha,Sonepur,2337.0,173.0,140.0,313.0,13.39,53.0,83,6.21,single,0,0,0,0,0.0,0.0
Odisha,Sundargarh,9712.0,2625.0,1471.0,4096.0,42.17,275.0,83,6.21,single,24,23,22,19,0.11767474699929395,0.1078685180826861
Uttar Pradesh,Agra,4027.0,112.0,145.0,257.0,6.38,56.0,95,6.27,single,0,0,0,0,0.0,0.0
Uttar Pradesh,Aligarh,3650.0,39.0,2.0,41.0,1.12,1.0,95,6.27,single,0,0,0,0,0.0,0.0
Uttar Pradesh,Allahabad,5137.0,143.0,18.0,161.0,3.13,16.0,95,6.27,single,0,0,0,0,0.0,0.0
Uttar Pradesh,Ambedkar Nagar,2337.0,219.0,0.0,219.0,9.37,0.0,95,6.27,single,0,0,0,0,0.0,0.0
Uttar Pradesh,Azamgarh,4234.0,46.0,0.0,46.0,1.09,0.0,95,6.27,single,0,0,0,0,0.0,0.0
Uttar Pradesh,Bagpat,1321.0,14.0,4.0,18.0,1.36,1.0,95,6.27,single,0,0,0,0,0.0,0.0
Uttar Pradesh,Bahraich,6878.0,642.0,267.0,909.0,13.22,15.0,95,6.27,single,0,0,0,0,0.0,0.0
Uttar Pradesh,Balrampur,3349.0,437.0,60.0,497.0,14.84,2.0,95,6.27,single,0,0,0,0,0.0,0.0
Uttar Pradesh,Ballia,2981.0,10.0,0.0,10.0,0.34,2.0,95,6.27,single,1,1,1,1,0.015974185715883132,0.015974185715883132
Uttar Pradesh,Banda,4532.0,165.0,18.0,183.0,4.04,4.0,96,6.27,single,0,0,0,0,0.0,0.0
Uttar Pradesh,Barabanki,4402.0,57.0,33.0,90.0,2.04,1.0,96,6.27,single,0,0,0,0,0.0,0.0
Uttar Pradesh,Bareilly,4120.0,33.0,1.0,34.0,0.83,0.0,96,6.27,single,0,0,0,0,0.0,0.0
Uttar Pradesh,Basti,2688.0,3.0,2.0,5.0,0.19,0.0,96,6.27,single,0,0,0,0,0.0,0.0
Uttar Pradesh,Bijnor,4561.0,311.0,76.0,387.0,8.48,4.0,96,6.27,single,0,0,0,0,0.0,0.0
Uttar Pradesh,Budaun,5168.0,19.0,11.0,30.0,0.58,10.0,96,6.27,single,0,0,0,0,0.0,0.0
Uttar Pradesh,Bulandshahar,2910.0,60.0,24.0,84.0,2.89,3.0,96,6.27,single,0,0,0,0,0.0,0.0
Uttar Pradesh,Chandauli,2549.0,186.0,289.0,475.0,18.63,7.0,96,6.27,single,1,1,0,0,0.018681462384875485,0.0
Uttar Pradesh,Chitrkoot,3092.0,301.0,180.0,481.0,15.56,39.0,96,6.27,single,0,0,0,0,0.0,0.0
Uttar Pradesh,Deoria,2538.0,14.0,2.0,16.0,0.63,1.0,96,6.27,single,0,0,0,0,0.0,0.0
Uttar Pradesh,Etah,4446.0,98.0,0.0,98.0,2.2,0.0,96,6.27,single,0,0,0,0,0.0,0.0
Uttar Pradesh,Etawah,2311.0,89.0,108.0,197.0,8.52,36.0,96,6.27,single,0,0,0,0,0.0,0.0
Uttar Pradesh,Faizabad,2174.0,39.0,6.0,45.0,2.07,0.0,96,6.27,single,0,0,0,0,0.0,0.0
Uttar Pradesh,Farrukhabad,2181.0,32.0,4.0,36.0,1.65,0.0,96,6.27,single,0,0,0,0,0.0,0.0
Uttar Pradesh,Fatehpur,4152.0,53.0,1.0,54.0,1.3,3.0,96,6.27,single,0,0,0,0,0.0,0.0
Uttar Pradesh,Firozabad,2361.0,13.0,30.0,43.0,1.82,20.0,96,6.27,single,0,0,0,0,0.0,0.0
Uttar Pradesh,Gautam Buddh Nagar,1442.0,13.0,4.0,17.0,1.18,0.0,96,6.27,single,0,0,0,0,0.0,0.0
Uttar Pradesh,Ghaziabad,2590.0,112.0,4.0,116.0,4.48,3.0,96,6.27,single,0,0,0,0,0.0,0.0
Uttar Pradesh,Ghazipur,3377.0,16.0,0.0,16.0,0.47,0.0,96,6.27,single,0,0,0,0,0.0,0.0
Uttar Pradesh,Gonda,4003.0,85.0,26.0,111.0,2.77,0.0,96,6.27,single,0,0,0,0,0.0,0.0
Uttar Pradesh,Gorakhpur,3321.0,385.0,97.0,482.0,14.51,0.0,96,6.27,single,0,0,0,0,0.0,0.0
Uttar Pradesh,Hamirpur,4282.0,45.0,86.0,131.0,3.06,33.0,96,6.27,single,0,0,0,0,0.0,0.0
Uttar Pradesh,Hardoi,5986.0,70.0,11.0,81.0,1.35,0.0,96,6.27,single,0,0,0,0,0.0,0.0
Uttar Pradesh,Hathras,1840.0,30.0,0.0,30.0,1.63,0.0,96,6.27,single,0,0,0,0,0.0,0.0
Uttar Pradesh,Jyotiba Phule Nagar,2249.0,55.0,21.0,76.0,3.38,11.0,96,6.27,single,0,0,0,0,0.0,0.0
Uttar Pradesh,Jalaun,4565.0,109.0,127.0,236.0,5.17,46.0,96,6.27,single,0,0,0,0,0.0,0.0
Uttar Pradesh,Jaunpur,4038.0,30.0,6.0,36.0,0.89,1.0,96,6.27,single,0,0,0,0,0.0,0.0
Uttar Pradesh,Jhansi,5024.0,54.0,122.0,176.0,3.5,136.0,96,6.27,single,0,0,0,0,0.0,0.0
Uttar Pradesh,Kannauj,2093.0,5.0,5.0,10.0,0.48,0.0,96,6.27,single,0,0,0,0,0.0,0.0
Uttar Pradesh,Kanpur Dehat,5111.0,188.0,6.0,194.0,3.8,26.0,96,6.27,single,0,0,0,0,0.0,0.0
Uttar Pradesh,Kanpur Nagar,1065.0,21.0,3.0,24.0,2.25,0.0,96,6.27,single,0,0,0,0,0.0,0.0
Uttar Pradesh,Kaushambi,2124.0,3.0,0.0,3.0,0.14,0.0,96,6.27,single,0,0,0,0,0.0,0.0
Uttar Pradesh,Kheri,7680.0,1113.0,350.0,1463.0,19.05,1.0,96,6.27,single,0,0,0,0,0.0,0.0
Uttar Pradesh,Kushinagar,2906.0,8.0,1.0,9.0,0.31,2.0,96,6.27,single,0,0,0,0,0.0,0.0
Uttar Pradesh,Lalitpur,5039.0,231.0,327.0,558.0,11.07,55.0,96,6.27,single,0,0,0,0,0.0,0.0
Uttar Pradesh,Lucknow,2528.0,115.0,14.0,129.0,5.1,2.0,96,6.27,single,0,0,0,0,0.0,0.0
Uttar Pradesh,Maharaj Ganj,2952.0,0.0,0.0,0.0,0.0,0.0,96,6.27,single,0,0,0,0,0.0,0.0
Uttar Pradesh,Mahoba,2884.0,38.0,44.0,82.0,2.84,22.0,96,6.27,single,0,0,0,0,0.0,0.0
Uttar Pradesh,Mainpuri,2760.0,47.0,2.0,49.0,1.78,0.0,96,6.27,single,0,0,0,0,0.0,0.0
Uttar Pradesh,Mathura,3340.0,38.0,15.0,53.0,1.59,9.0,96,6.27,single,0,0,0,0,0.0,0.0
Uttar Pradesh,Mau,1713.0,0.0,3.0,3.0,0.18,0.0,96,6.27,single,0,0,0,0,0.0,0.0
Uttar Pradesh,Meerut,2590.0,144.0,28.0,172.0,6.64,0.0,96,6.27,single,0,0,0,0,0.0,0.0
Uttar Pradesh,Mirzapur,4521.0,198.0,433.0,631.0,13.96,33.0,96,6.27,single,1,0,0,0,0.010532857248185715,0.0
Uttar Pradesh,Moradabad,3718.0,17.0,0.0,17.0,0.46,0.0,97,6.27,single,0,0,0,0,0.0,0.0
Uttar Pradesh,Muzzaffarnagar,4008.0,26.0,14.0,40.0,1.0,0.0,97,6.27,single,0,0,0,0,0.0,0.0
Uttar Pradesh,Orraiya,2015.0,37.0,34.0,71.0,3.52,21.0,97,6.27,single,0,0,0,0,0.0,0.0
Uttar Pradesh,Pilibhit,3499.0,488.0,196.0,684.0,19.55,0.0,97,6.27,single,0,0,0,0,0.0,0.0
Uttar Pradesh,Pratapgarh,3717.0,34.0,4.0,38.0,1.02,0.0,97,6.27,single,0,0,0,0,0.0,0.0
Uttar Pradesh,Raibareli,4609.0,53.0,10.0,63.0,1.37,1.0,97,6.27,single,0,0,0,0,0.0,0.0
Uttar Pradesh,Rampur,2367.0,57.0,28.0,85.0,3.59,0.0,97,6.27,single,0,0,0,0,0.0,0.0
Uttar Pradesh,Saharanpur,3689.0,151.0,138.0,289.0,7.83,0.0,97,6.27,single,0,0,0,0,0.0,0.0
Uttar Pradesh,Sant Kabir Nagar,1646.0,0.0,0.0,0.0,0.0,0.0,97,6.27,single,0,0,0,0,0.0,0.0
Uttar Pradesh,Sant Ravidas Nagar,1015.0,0.0,0.0,0.0,0.0,0.0,97,6.27,single,0,0,0,0,0.0,0.0
Uttar Pradesh,Shahjahanpur,4575.0,85.0,24.0,109.0,2.38,2.0,97,6.27,single,0,0,0,0,0.0,0.0
Uttar Pradesh,Siddharth Nagar,2895.0,66.0,8.0,74.0,2.56,0.0,97,6.27,single,0,0,0,0,0.0,0.0
Uttar Pradesh,Sitapur,5743.0,332.0,16.0,348.0,6.06,2.0,97,6.27,single,0,0,0,0,0.0,0.0
Uttar Pradesh,Sonbhadra,6788.0,1221.0,1276.0,2497.0,36.79,51.0,97,6.27,single,4,3,1,1,0.02806072340544939,0.007015180851362347
Uttar Pradesh,Sultanpur,4436.0,74.0,14.0,88.0,1.98,0.0,97,6.27,single,0,0,0,0,0.0,0.0
Uttar Pradesh,Unnao,4558.0,36.0,2.0,38.0,0.83,0.0,97,6.27,single,0,0,0,0,0.0,0.0
Uttar Pradesh,Varanasi,1528.0,0.0,1.0,1.0,0.07,0.0,97,6.27,single,1,1,0,0,0.03116429818000499,0.0
West Bengal,Bankura,6882.0,453.0,482.0,935.0,13.59,26.0,101,6.29,single,17,17,22,17,0.11762914988721439,0.15222595867757158
West Bengal,Bardhman,7024.0,104.0,98.0,202.0,2.88,15.0,101,6.29,single,1,1,1,1,0.006779477166720903,0.006779477166720903
West Bengal,Birbhum,4545.0,25.0,34.0,59.0,1.3,13.0,101,6.29,single,4,4,4,4,0.04190895280004191,0.04190895280004191
West Bengal,Calcutta,185.0,0.0,0.0,0.0,0.0,0.0,101,6.29,single,0,0,0,0,0.0,0.0
West Bengal,Coochbehar,3387.0,22.0,16.0,38.0,1.12,1.0,101,6.29,single,0,0,0,0,0.0,0.0
West Bengal,Dakshin Dinajpur,2219.0,10.0,6.0,16.0,0.72,0.0,101,6.29,single,0,0,0,0,0.0,0.0
West Bengal,Darjeeling,3149.0,1417.0,779.0,2196.0,69.74,0.0,101,6.29,single,2,2,0,0,0.030243917192154728,0.0
West Bengal,Howrah,1467.0,2.0,0.0,2.0,0.14,0.0,101,6.29,single,0,0,0,0,0.0,0.0
West Bengal,Hoogli,3149.0,13.0,0.0,13.0,0.41,0.0,101,6.29,single,0,0,0,0,0.0,0.0
West Bengal,Jalpaiguri,6227.0,1156.0,1188.0,2344.0,37.64,12.0,101,6.29,single,0,0,0,0,0.0,0.0
West Bengal,Maldah,3733.0,102.0,6.0,108.0,2.89,0.0,101,6.29,single,0,0,0,0,0.0,0.0
West Bengal,Medinipur,14081.0,636.0,832.0,1468.0,10.43,47.0,101,6.29,single,233,212,281,224,0.7879581063303809,0.9502842398233352
West Bengal,Murshidabad,5324.0,59.0,6.0,65.0,1.22,0.0,101,6.29,single,0,0,0,0,0.0,0.0
West Bengal,Nadia,3927.0,44.0,0.0,44.0,1.12,0.0,101,6.29,single,1,1,1,1,0.012126062546230613,0.012126062546230613
West Bengal,24 Pargana North,4094.0,134.0,4.0,138.0,3.37,0.0,101,6.29,single,0,0,0,0,0.0,0.0
West Bengal,Purulia,6259.0,328.0,367.0,695.0,11.1,35.0,101,6.29,single,35,34,50,32,0.26628321883154926,0.38040459833078466
West Bengal,24 Pargana South,9960.0,1818.0,422.0,2240.0,22.49,0.0,101,6.29,single,1,1,1,1,0.004781028877414419,0.004781028877414419
West Bengal,Uttar Dinajpur,3140.0,23.0,107.0,130.0,4.14,0.0,101,6.29,single,1,1,1,0,0.015165301789505611,0.015165301789505611
