model,forest_pct,predicted_events_per_1000km2_year,ci_low,ci_high
State + area,0.0,0.02070789627577104,0.009696034619385957,0.04422601455142586
State + area,0.5,0.021322398776216958,0.010086115849720507,0.045076290650044135
State + area,1.0,0.021955136510122885,0.010491472281173026,0.04594474505195343
State + area,1.5,0.022606650604236223,0.0109126666545465,0.046831875995139355
State + area,2.0,0.023277498243127685,0.011350279205390904,0.04773820226391087
State + area,2.5,0.023968253145703836,0.011804907882239745,0.04866426443876208
State + area,3.0,0.024679506055860074,0.012277168528247655,0.04961062624169818
State + area,3.5,0.025411865247693597,0.012767695020599622,0.05057787598505858
State + area,4.0,0.026165957045708507,0.013277139361488789,0.05156662813254457
State + area,4.5,0.026942426360457843,0.01380617171384366,0.052577524981876636
State + area,5.0,0.02774193724008073,0.014355480374327026,0.0536112384792736
State + area,5.5,0.02856517343820624,0.014925771675428611,0.054668472176757445
State + area,6.0,0.02941283899870971,0.015517769807733655,0.05574996334414419
State + area,6.5,0.030285658857821515,0.01613221655267357,0.056856485248478326
State + area,7.0,0.031184379464103393,0.016769870915258153,0.05798884961460203
State + area,7.5,0.0321097694168224,0.01743150864545949,0.05914790928151045
State + area,8.0,0.03306262012326842,0.01811792163607625,0.06033456107012347
State + area,8.5,0.03404374647557747,0.018829917184068602,0.06154974887908521
State + area,9.0,0.03505398754763975,0.01956831710153699,0.06279446702616896
State + area,9.5,0.03609420731268793,0.020333956661746578,0.06406976385378958
State + area,10.0,0.03716529538218011,0.021127683364905062,0.06537674561798341
State + area,10.5,0.03826816776660876,0.021950355507820523,0.06671658068096234
State + area,11.0,0.039403767658886535,0.022802840541146802,0.06809050402794363
State + area,11.5,0.04057306624097893,0.023686013197720842,0.06949982212934278
State + area,12.0,0.04177706351447362,0.02460075337557742,0.07094591816952425
State + area,12.5,0.04301678915579669,0.025547943759670302,0.07243025766305929
State + area,13.0,0.04429330339680728,0.026528467167226937,0.07395439447874814
State + area,13.5,0.04560769793152369,0.02754320360312093,0.07551997729042012
State + area,14.0,0.046961096849756384,0.02859302701378098,0.07712875647161417
State + area,14.5,0.048354657598446364,0.029678801731096105,0.07878259144853396
State + area,15.0,0.04978957197153108,0.03080137860166484,0.08048345852202476
State + area,15.5,0.05126706712918435,0.03196159080171531,0.08223345916459322
State + area,16.0,0.052788406647302014,0.03316024934423848,0.08403482879253706
State + area,16.5,0.054354891598131005,0.03439813829246409,0.08588994600593926
State + area,17.0,0.05596786166296558,0.03567600970288214,0.08780134228049043
State + area,17.5,0.0576286962778629,0.03699457833165008,0.08977171208476478
State + area,18.0,0.05933881581335715,0.03835451615045019,0.09180392338465715
State + area,18.5,0.061099682789181806,0.039756446731617004,0.09390102848325654
State + area,19.0,0.06291280312503815,0.04120093957747934,0.09606627512964015
State + area,19.5,0.06477972742848037,0.04268850448506616,0.09830311781421752
State + area,20.0,0.0667020523210182,0.04421958605415294,0.10061522915178896
State + area,20.5,0.06868142180357148,0.04579455846344348,0.10300651123704278
State + area,21.0,0.07071952866244428,0.047413720655647605,0.10548110684164506
State + area,21.5,0.07281811591702093,0.04907729208629033,0.10804341030840894
State + area,22.0,0.0749789783104223,0.050785409202036835,0.11069807798751188
State + area,22.5,0.07720396384439676,0.05253812282076403,0.11345003805372433
State + area,23.0,0.07949497535975898,0.0543353965860976,0.11630449954359215
State + area,23.5,0.08185397216372765,0.05617710666224245,0.11926696045888617
State + area,24.0,0.08428297170555425,0.05806304281941522,0.12234321479865568
State + area,24.5,0.0867840513018759,0.05999291103512947,0.12553935840780417
State + area,25.0,0.08935934991326724,0.06196633770159692,0.12886179356563704
State + area,25.5,0.09201106997351172,0.06398287548490135,0.13231723228300799
State + area,26.0,0.09474147927315567,0.06604201082850134,0.13591269833037992
State + area,26.5,0.09755291289895651,0.06814317303407615,0.13965552807927617
State + area,27.0,0.10044777523088402,0.07028574478966375,0.1435533703033051
State + area,27.5,0.10342854199838168,0.07246907395212693,0.14761418514851932
State + area,28.0,0.1064977623976477,0.07469248633239509,0.15184624254215986
State + area,28.5,0.10965806127174532,0.07695529918195916,0.15625812035952527
State + area,29.0,0.11291214135540797,0.07925683504174788,0.16085870270681538
State + area,29.5,0.11626278558645833,0.08159643559302888,0.16565717870006566
State + area,30.0,0.11971285948581803,0.08397347514645513,0.170663042124632
State + area,30.5,0.12326531360814415,0.0863873734204776,0.17588609234543992
State + area,31.0,0.12692318606518763,0.0888376072931688,0.18133643680627343
State + area,31.5,0.13068960512403116,0.0913237212596783,0.18702449540912805
State + area,32.0,0.13456779188243076,0.09384533638745964,0.19296100700570348
State + area,32.5,0.1385610630235457,0.09640215762863213,0.1991570381668793
State + area,33.0,0.14267283365241626,0.09899397941861209,0.205623994327305
State + area,33.5,0.14690662021661177,0.10162068955782441,0.21237363333563514
State + area,34.0,0.1512660435135495,0.10428227143488088,0.21941808138050928
State + area,34.5,0.15575483178705446,0.10697880470194318,0.22676985121121826
State + area,35.0,0.16037682391580893,0.1097104645540603,0.2344418625321597
State + area,35.5,0.1651359726964191,0.11247751979316414,0.24244746442257356
State + area,36.0,0.17003634822390562,0.11528032987423607,0.25080045961755093
State + area,36.5,0.1750821413725094,0.1181193411368859,0.25951513048197083
State + area,37.0,0.18027766737978973,0.12099508242175874,0.2686062665142957
State + area,37.5,0.18562736953708014,0.12390816025972687,0.27808919323011877
State + area,38.0,0.19113582298945697,0.12685925380475427,0.2879798022939963
State + area,38.5,0.1968077386484723,0.12984910966062574,0.29829458279043186
State + area,39.0,0.20264796722099482,0.13287853672916045,0.3090506535491472
State + area,39.5,0.2086615033576078,0.1359484011845828,0.3202657964645088
State + area,40.0,0.21485348992410808,0.13905962165654373,0.33195849077298684
State + area,40.5,0.22122922239976153,0.14221316468372763,0.34414794827502526
State + area,41.0,0.22779415340607617,0.14541004048157719,0.3568541495080955
State + area,41.5,0.2345538973699658,0.1486512990517152,0.37009788089575163
State + area,42.0,0.24151423532529065,0.15193802664722458,0.3839007729130945
State + area,42.5,0.24868111985688449,0.15527134259701514,0.3982853393222542
State + area,43.0,0.256060680191294,0.1586523964838663,0.4132750175424914
State + area,43.5,0.26365922743858416,0.16208236566418144,0.4288942102285309
State + area,44.0,0.2714832599896945,0.16556245311273637,0.44516832813805557
State + area,44.5,0.2795394690739591,0.1690938855724821,0.4621238343751657
State + area,45.0,0.28783474448154633,0.17267791198750299,0.4797882901013592
State + area,45.5,0.29637618045571,0.17631580219628626,0.4981904018094059
State + area,46.0,0.30517108175989205,0.18000884586230306,0.5173600702586673
State + area,46.5,0.314226969924865,0.18375835161934592,0.5373284411731025
State + area,47.0,0.3235515896812569,0.18756564640994955,0.5581279578055789
State + area,47.5,0.33315291558296195,0.19143207499640008,0.5797924154743419
State + area,48.0,0.34303915882709624,0.19535899962521266,0.6023570181796464
State + area,48.5,0.35321877427633713,0.19934779982743683,0.6258584374107871
State + area,49.0,0.36370046768964703,0.20339987233866763,0.6503348732560688
State + area,49.5,0.37449320316756857,0.20751663112415228,0.6758261179307621
State + area,50.0,0.38560621081845814,0.21169950749584393,0.7023736218407985
State + area,50.5,0.3970489946522108,0.21594995030965114,0.7300205623028835
State + area,51.0,0.40883134070823146,0.22026942623243698,0.7588119150449599
State + area,51.5,0.42096332542460335,0.22465942006954018,0.7887945286144138
State + area,52.0,0.43345532425560557,0.2291214351446925,0.8200172018252323
State + area,52.5,0.44631802054495834,0.2336569937252331,0.852530764379418
State + area,53.0,0.4595624146623775,0.238267637486422,0.8863881608023684
State + area,53.5,0.47319983341125393,0.2429549280094881,0.9216445378366386
State + area,54.0,0.48724193971550656,0.24772044730877274,0.9583573354435886
State + area,54.5,0.5017007425938858,0.25256579838398535,0.9965863815677127
State + area,55.0,0.5165886074302686,0.2574926057941686,1.0363939908242124
State + area,55.5,0.5319182665487175,0.2625025162504729,1.0778450672763136
State + area,56.0,0.5477028301023551,0.26759719922529135,1.121007211475244
State + area,56.5,0.5639557972853616,0.272778347575702,1.165950831942418
State + area,57.0,0.5806910678776863,0.278047678179496,1.2127492612804487
State + area,57.5,0.5979229541323495,0.28340693258238436,1.2614788771069654
State + area,58.0,0.6156661930154914,0.2888578776552163,1.3122192280129543
State + area,58.5,0.6339359588096487,0.2944023062602875,1.3650531647554496
State + area,59.0,0.6527478760910244,0.3000420379259894,1.4200669769028944
State + area,59.5,0.6721180330918595,0.3057789195292388,1.4773505351603347
State + area,60.0,0.69206299545933,0.31161482598525553,1.5369974396109218
State + area,60.5,0.7125998204227346,0.3175516609443893,1.5991051741198132
State + area,61.0,0.7337460713810914,0.32359135749579904,1.6637752671567414
State + area,61.5,0.75551983292362,0.32973587887787914,1.7311134593040143
State + area,62.0,0.7779397262959497,0.33598721919540586,1.8012298777277187
State + area,62.5,0.8010249253252877,0.3423474041434435,1.8742392179014018
State + area,63.0,0.8247951728181641,0.3488184917381041,1.950260932883428
State + area,63.5,0.8492707974447709,0.3554025730542996,2.029419430461693
State + area,64.0,0.8744727311243464,0.3621017729706735,2.1118442784924074
State + area,64.5,0.9004225269264637,0.36891825092192526,2.1976704187731304
State + area,65.0,0.927142377503537,0.3758542016587688,2.2870383898044593
State + area,65.5,0.9546551340703111,0.3829118560157999,2.3800945588093736
State + area,66.0,0.9829843259465582,0.3900934816875474,2.476991363394663
State + area,66.5,1.012154180679705,0.3974013840130271,2.5778875632547433
State + area,67.0,1.0421896447645906,0.4048379067691026,2.68294850233486
State + area,67.5,1.0731164049780846,0.4124054329729891,2.79234638188802
State + area,68.0,1.1049609103467986,0.42010638569423464,2.9062605448779335
State + area,68.5,1.1377503947666883,0.42794322887652203,3.0248777721992206
State + area,69.0,1.1715129002938922,0.4359184681696534,3.1483925912055453
State + area,69.5,1.2062773011267063,0.44403465177205276,3.277007597056896
State + area,70.0,1.2420733282992404,0.45229437128417593,3.4109337874183874
+ 2001 demographics,0.0,0.03743622607087883,0.018400761333769708,0.07616375197790973
+ 2001 demographics,0.5,0.03793915782117618,0.018849045040041233,0.0763635342332953
+ 2001 demographics,1.0,0.03844884613782662,0.01930760131824746,0.07656641262491382
+ 2001 demographics,1.5,0.03896538179097712,0.019776617472252227,0.07677253100773568
+ 2001 demographics,2.0,0.039488856770213465,0.02025628005863045,0.07698204233476937
+ 2001 demographics,2.5,0.040019364300942745,0.020746774408492173,0.07719510934654093
+ 2001 demographics,3.0,0.040556998860995716,0.021248284095555247,0.07741190531968106
+ 2001 demographics,3.5,0.04110185619745238,0.021760990345186967,0.07763261488003477
+ 2001 demographics,4.0,0.04165403334369349,0.022285071378652193,0.07785743488619087
+ 2001 demographics,4.5,0.04221362863668121,0.022820701686283237,0.07808657538986748
+ 2001 demographics,5.0,0.042780741734471904,0.023368051222744005,0.0783202606801148
+ 2001 demographics,5.5,0.04335547363396414,0.023927284516968943,0.07855873041891992
+ 2001 demographics,6.0,0.04393792668888523,0.024498559688760153,0.07880224087637192
+ 2001 demographics,6.5,0.044528204628019374,0.02508202736339112,0.07905106627420147
+ 2001 demographics,7.0,0.045126412573680566,0.025677829474926462,0.0793055002471492
+ 2001 demographics,7.5,0.0457326570604339,0.026286097948334853,0.07956585743224558
+ 2001 demographics,8.0,0.04634704605406817,0.026906953249845263,0.07983247519673262
+ 2001 demographics,8.5,0.04696968897082353,0.02754050279443593,0.08010571551589883
+ 2001 demographics,9.0,0.047600696696877255,0.028186839198834062,0.08038596701264136
+ 2001 demographics,9.5,0.048240181608091535,0.028846038368034174,0.08067364717092149
+ 2001 demographics,10.0,0.04888825759002639,0.02951815740312275,0.08096920473552074
+ 2001 demographics,10.5,0.04954504005822144,0.03020323231822908,0.08127312231046321
+ 2001 demographics,11.0,0.0502106459787503,0.0309012755547579,0.08158591916815601
+ 2001 demographics,11.5,0.050885193889050946,0.03161227328183834,0.08190815428050521
+ 2001 demographics,12.0,0.05156880391903599,0.03233618247323272,0.08224042958198093
+ 2001 demographics,12.5,0.05226159781248661,0.033072927752981776,0.08258339347256187
+ 2001 demographics,13.0,0.052963698948733796,0.033822398004968016,0.08293774456560027
+ 2001 demographics,13.5,0.053675232364630905,0.03458444274559762,0.08330423568163052
+ 2001 demographics,14.0,0.05439632477682145,0.035358868264169334,0.08368367808377739
+ 2001 demographics,14.5,0.05512710460430603,0.03614543354248194,0.08407694594345777
+ 2001 demographics,15.0,0.055867701991312295,0.036943845974166875,0.08448498101612352
+ 2001 demographics,15.5,0.056618248830472416,0.037753756915399006,0.08490879749564155
+ 2001 demographics,16.0,0.05737887878631166,0.03857475711236503,0.08534948700218511
+ 2001 demographics,16.5,0.05814972731905273,0.039406372067421785,0.08580822364197453
+ 2001 demographics,17.0,0.058930931708739705,0.04024805742548639,0.08628626905757239
+ 2001 demographics,17.5,0.05972263107968634,0.04109919448484185,0.08678497736484388
+ 2001 demographics,18.0,0.06052496642525244,0.041959085962169754,0.08730579984703991
+ 2001 demographics,18.5,0.061338080632953505,0.04282695216967671,0.08785028924842837
+ 2001 demographics,19.0,0.06216211850990738,0.04370192779182441,0.08842010348025553
+ 2001 demographics,19.5,0.06299722680862284,0.04458305947894413,0.08901700852206876
+ 2001 demographics,20.0,0.0638435542531348,0.0454693045028717,0.08964288027355993
+ 2001 demographics,20.5,0.06470125156549053,0.046359530742766566,0.09029970508910011
+ 2001 demographics,21.0,0.0655704714925914,0.047252518283995085,0.09098957871240107
+ 2001 demographics,21.5,0.06645136883339588,0.04814696291500624,0.0917147033267123
+ 2001 demographics,22.0,0.0673441004664873,0.04904148179182931,0.09247738245127697
+ 2001 demographics,22.5,0.06824882537801243,0.049934621502527844,0.0932800134520422
+ 2001 demographics,23.0,0.06916570468999528,0.05082486870042944,0.09412507749819753
+ 2001 demographics,23.5,0.07009490168903118,0.05171066338291116,0.09501512688809645
+ 2001 demographics,24.0,0.07103658185536631,0.0525904147716294,0.09595276978907562
+ 2001 demographics,24.5,0.07199091289236825,0.05346251960399793,0.09694065258175734
+ 2001 demographics,25.0,0.07295806475639194,0.054325382481973654,0.09798144016315259
+ 2001 demographics,25.5,0.07393820968704728,0.05517743775476387,0.09907779473239094
+ 2001 demographics,26.0,0.0749315222378732,0.05601717225299698,0.10023235374192761
+ 2001 demographics,26.5,0.07593817930742362,0.056843148061193914,0.10144770782783598
+ 2001 demographics,27.0,0.07695836017077155,0.057654024431397194,0.10272637961676927
+ 2001 demographics,27.5,0.0779922465114358,0.058448577918665395,0.10407080432932221
+ 2001 demographics,28.0,0.07904002245373709,0.059225719867933346,0.10548331305078422
+ 2001 demographics,28.5,0.0801018745955886,0.05998451050248772,0.10696611941946746
+ 2001 demographics,29.0,0.0811779920417271,0.06072416904815499,0.10852131029904856
+ 2001 demographics,29.5,0.0822685664373906,0.06144407955747725,0.11015084077111421
+ 2001 demographics,30.0,0.08337379200244821,0.0621437923509074,0.11185653353139782
+ 2001 demographics,30.5,0.08449386556598874,0.0628230212416331,0.11364008252363689
+ 2001 demographics,31.0,0.08562898660137398,0.06348163693261388,0.11550306042299426
+ 2001 demographics,31.5,0.08677935726176268,0.06411965714940608,0.11744692940602222
+ 2001 demographics,32.0,0.08794518241611199,0.06473723418863535,0.11947305452788377
+ 2001 demographics,32.5,0.08912666968566242,0.06533464061611652,0.1215827189733969
+ 2001 demographics,33.0,0.09032402948091307,0.06591225384464053,0.12377714045249925
+ 2001 demographics,33.5,0.09153747503909349,0.06647054026936461,0.12605748806279046
+ 2001 demographics,34.0,0.09276722246213896,0.06701003955155087,0.12842489902904122
+ 2001 demographics,34.5,0.09401349075517615,0.06753134953329716,0.13088049483767009
+ 2001 demographics,35.0,0.09527650186552535,0.06803511214989316,0.1334253964001985
+ 2001 demographics,35.5,0.09655648072222725,0.06852200059312112,0.13606073799307297
+ 2001 demographics,36.0,0.0978536552761003,0.06899270787612247,0.1387876798238815
+ 2001 demographics,36.5,0.09916825654033631,0.06944793686281991,0.1416074191617193
+ 2001 demographics,37.0,0.10050051863164165,0.069888391754706,0.14452120003961652
+ 2001 demographics,37.5,0.1018506788119308,0.07031477097499936,0.14753032158974738
+ 2001 demographics,38.0,0.10321897753058035,0.07072776135331299,0.15063614510908585
+ 2001 demographics,38.5,0.10460565846725038,0.07112803349112184,0.1538400999759518
+ 2001 demographics,39.0,0.10601096857528143,0.07151623817655628,0.15714368854978925
+ 2001 demographics,39.5,0.10743515812567414,0.07189300371423395,0.160548490189225
+ 2001 demographics,40.0,0.1088784807516599,0.07225893403917509,0.1640561645202607
+ 2001 demographics,40.5,0.11034119349387046,0.0726146074916865,0.16766845407854988
+ 2001 demographics,41.0,0.11182355684611388,0.07296057614049653,0.17138718643938278
+ 2001 demographics,41.5,0.11332583480176603,0.0732973655532679,0.17521427593715994
+ 2001 demographics,42.0,0.11484829490078485,0.07362547492586079,0.17915172506391044
+ 2001 demographics,42.5,0.11639120827735651,0.07394537749370964,0.18320162562447376
+ 2001 demographics,43.0,0.11795484970818142,0.07425752116003555,0.18736615971457518
+ 2001 demographics,43.5,0.11953949766140937,0.07456232928594858,0.19164760057777616
+ 2001 demographics,44.0,0.12114543434623151,0.07486020159681689,0.19604831338793954
+ 2001 demographics,44.5,0.12277294576313895,0.07515151516743072,0.20057075599576335
+ 2001 demographics,45.0,0.1244223217548565,0.0754366254556049,0.20521747967079584
+ 2001 demographics,45.5,0.1260938560579605,0.07571586735988162,0.20999112986441426
+ 2001 demographics,46.0,0.12778784635519036,0.07598955628214774,0.21489444701408383
+ 2001 demographics,46.5,0.1295045943284627,0.07625798918025616,0.2199302674049785
+ 2001 demographics,47.0,0.13124440571259757,0.07652144559929099,0.22510152410153259
+ 2001 demographics,47.5,0.13300759034976695,0.07678018867304444,0.23041124795858026
+ 2001 demographics,48.0,0.13479446224467403,0.0770344660896332,0.23586256871943184
+ 2001 demographics,48.5,0.13660533962047444,0.07728451101711856,0.24145871620630088
+ 2001 demographics,49.0,0.13844054497544833,0.07753054298650175,0.24720302160705798
+ 2001 demographics,49.5,0.14030040514043393,0.07777276873068883,0.25309891886107677
+ 2001 demographics,50.0,0.1421852513370326,0.07801138297897116,0.2591499461459971
+ 2001 demographics,50.5,0.14409541923659633,0.07824656920726195,0.2653597474666458
+ 2001 demographics,51.0,0.1460312490200067,0.07847850034491373,0.27173207434672025
+ 2001 demographics,51.5,0.14799308543825812,0.07870733943932774,0.2782707876235467
+ 2001 demographics,52.0,0.14998127787385374,0.07893324027985993,0.28497985934594455
+ 2001 demographics,52.5,0.15199618040302743,0.07915634798272168,0.2918633747751041
+ 2001 demographics,53.0,0.1540381518588006,0.07937679953871046,0.2989255344882401
+ 2001 demographics,53.5,0.15610755589488687,0.07959472432566381,0.3061706565848074
+ 2001 demographics,54.0,0.15820476105045495,0.07981024458755762,0.31360317899506246
+ 2001 demographics,54.5,0.16033014081576125,0.0800234758821551,0.321227661890829
+ 2001 demographics,55.0,0.16248407369866522,0.0802345274990955,0.32904879019834565
+ 2001 demographics,55.5,0.164666943292037,0.08044350285023026,0.3370713762132663
+ 2001 demographics,56.0,0.16687913834207174,0.08065049983398456,0.3453003623178717
+ 2001 demographics,56.5,0.169121052817521,0.08085561117539757,0.3537408238008546
+ 2001 demographics,57.0,0.1713930859798544,0.08105892474347376,0.36239797177994093
+ 2001 demographics,57.5,0.17369564245436414,0.08126052384734271,0.3712771562279425
+ 2001 demographics,58.0,0.17602913230222436,0.08146048751266036,0.3803838691028975
+ 2001 demographics,58.5,0.1783939710935188,0.08165889073960789,0.3897237475830551
+ 2001 demographics,59.0,0.18079057998124937,0.08185580474375456,0.39930257740762537
+ 2001 demographics,59.5,0.1832193857763392,0.08205129718095197,0.4091262963244419
+ 2001 demographics,60.0,0.18568082102364317,0.08224543235739101,0.4192009976456265
+ 2001 demographics,60.5,0.18817532407897952,0.08243827142583633,0.4295329339126756
+ 2001 demographics,61.0,0.19070333918719662,0.08262987256901135,0.4401285206723887
+ 2001 demographics,61.5,0.19326531656128818,0.08282029117102999,0.45099434036522973
+ 2001 demographics,62.0,0.1958617124625714,0.08300957997770428,0.46213714632786573
+ 2001 demographics,62.5,0.1984929892819424,0.08319778924650806,0.47356386691170355
+ 2001 demographics,63.0,0.20115961562222343,0.08338496688692054,0.4852816097193641
+ 2001 demographics,63.5,0.2038620663816157,0.0835711585918059,0.49729766596124686
+ 2001 demographics,64.0,0.20660082283827408,0.08375640796046996,0.5096195149342746
+ 2001 demographics,64.5,0.20937637273601753,0.08394075661394453,0.5222548286252777
+ 2001 demographics,65.0,0.21218921037119115,0.08412424430306364,0.5352114764412798
+ 2001 demographics,65.5,0.21503983668069537,0.08430690900980142,0.5484975300693812
+ 2001 demographics,66.0,0.21792875933119743,0.08448878704234393,0.562121268468827
+ 2001 demographics,66.5,0.2208564928095416,0.08466991312432766,0.5760911829979916
+ 2001 demographics,67.0,0.22382355851437344,0.08485032047862154,0.5904159826792799
+ 2001 demographics,67.5,0.22683048484899612,0.08503004090604183,0.6051045996048054
+ 2001 demographics,68.0,0.2298778073154732,0.0852091048593234,0.6201661944860551
+ 2001 demographics,68.5,0.2329660686099957,0.08538754151267199,0.6356101623507076
+ 2001 demographics,69.0,0.236095818719531,0.08556537882719316,0.6514461383899205
+ 2001 demographics,69.5,0.23926761501976937,0.08574264361245969,0.6676840039596053
+ 2001 demographics,70.0,0.2424820223743871,0.08591936158448288,0.6843338927391618
+ demographics + terrain,0.0,0.034920280986000224,0.018095934663523962,0.06738673888999003
+ demographics + terrain,0.5,0.03546976091916176,0.018585275278087333,0.06769358649994503
+ demographics + terrain,1.0,0.03602788706559598,0.01908674860176947,0.06800574961683122
+ demographics + terrain,1.5,0.03659479547577435,0.01960056367967242,0.06832349710955538
+ demographics + terrain,2.0,0.03717062434095873,0.02012692417805569,0.06864711675135575
+ demographics + terrain,2.5,0.037755514026887406,0.020666027218558498,0.06897691677064975
+ demographics + terrain,3.0,0.038349607107990936,0.021218062086572665,0.06931322753871859
+ demographics + terrain,3.5,0.03895304840214657,0.021783208802504967,0.06965640340579606
+ demographics + terrain,4.0,0.039565985005979465,0.022361636544024316,0.07000682469779836
+ demographics + terrain,4.5,0.04018856633071945,0.02295350190683802,0.07036489988647354
+ demographics + terrain,5.0,0.04082094413862183,0.02355894699109252,0.07073106794622525
+ demographics + terrain,5.5,0.04146327257996149,0.02417809730023705,0.0711058009111135
+ demographics + terrain,6.0,0.042115708230609034,0.024811059439156048,0.07148960664559688
+ demographics + terrain,6.5,0.0427784101301981,0.025457918598691065,0.07188303184226245
+ demographics + terrain,7.0,0.04345153982089336,0.026118735814418263,0.07228666525906023
+ demographics + terrain,7.5,0.04413526138676857,0.026793544988868857,0.07270114120724346
+ demographics + terrain,8.0,0.044829741493804115,0.027482349668418723,0.07312714329920453
+ demographics + terrain,8.5,0.04553514943051402,0.028185119569057993,0.07356540846239668
+ demographics + terrain,9.0,0.046251657149212234,0.028901786849343393,0.07401673122147723
+ demographics + terrain,9.5,0.0469794393079282,0.029632242134348518,0.07448196824529063
+ demographics + terrain,10.0,0.04771867331298207,0.030376330301592317,0.07496204314817263
+ demographics + terrain,10.5,0.04846953936222969,0.031133846049098673,0.07545795152586827
+ demographics + terrain,11.0,0.04923222048898826,0.03190452927715326,0.07597076619500666
+ demographics + terrain,11.5,0.050006902606653025,0.032688060329404516,0.07650164259094283
+ demographics + terrain,12.0,0.05079377455401609,0.03348405515579594,0.07705182426202117
+ demographics + terrain,12.5,0.05159302814129829,0.034292060479767655,0.07762264837831152
+ demographics + terrain,13.0,0.05240485819690545,0.035111549075063746,0.07821555115003943
+ demographics + terrain,13.5,0.0532294626149203,0.03594191528325741,0.07883207302514152
+ demographics + terrain,14.0,0.05406704240334173,0.036782470931132585,0.07947386350737318
+ demographics + terrain,14.5,0.05491780173308311,0.03763244183639475,0.08014268540707484
+ demographics + terrain,15.0,0.05578194798774157,0.038490965119266245,0.08084041830766188
+ demographics + terrain,15.5,0.05665969181415044,0.039357087564276326,0.08156906100410875
+ demographics + terrain,16.0,0.057551247173727144,0.04022976529790591,0.08233073264844139
+ demographics + terrain,16.5,0.058456831394629045,0.04110786506034006,0.08312767232460648
+ demographics + terrain,17.0,0.05937666522473007,0.0419901673490081,0.08396223677572341
+ demographics + terrain,17.5,0.060310972885430726,0.04287537169349628,0.0848368960248318
+ demographics + terrain,18.0,0.06125998212631513,0.04376210428145302,0.08575422667019537
+ demographics + terrain,18.5,0.062223924280667774,0.04464892808959416,0.08671690270182854
+ demographics + terrain,19.0,0.06320303432186411,0.045534355581266936,0.08772768377849055
+ demographics + terrain,19.5,0.06419755092064827,0.046416863912592095,0.08878940102394946
+ demographics + terrain,20.0,0.06520771650331224,0.047294912447500066,0.0899049405429462
+ demographics + terrain,20.5,0.06623377731079032,0.04816696222569639,0.09107722501368389
+ demographics + terrain,21.0,0.06727598345868357,0.049031496869180985,0.09230919387203014
+ demographics + terrain,21.5,0.06833458899822875,0.049887044267392155,0.09360378274824079
+ demographics + terrain,22.0,0.06940985197822658,0.05073219826547823,0.0949639029325809
+ demographics + terrain,22.5,0.07050203450794446,0.05156563951070841,0.0963924217157664
+ demographics + terrain,23.0,0.07161140282100896,0.05238615460158903,0.09789214446057577
+ demographics + terrain,23.5,0.07273822734030386,0.053192652739473774,0.09946579920582599
+ demographics + terrain,24.0,0.07388278274388901,0.053984179202463276,0.1011160244839219
+ demographics + terrain,24.5,0.07504534803195691,0.054759925136768924,0.10284536085780777
+ demographics + terrain,25.0,0.07622620659484235,0.055519233374587945,0.10465624646933827
+ demographics + terrain,25.5,0.0774256462821027,0.05626160021836489,0.10655101666028487
+ demographics + terrain,26.0,0.07864395947268485,0.056986673355836945,0.10853190750268285
+ demographics + terrain,26.5,0.07988144314619636,0.05769424626724695,0.1106010628782843
+ demographics + terrain,27.0,0.08113839895529816,0.058384249639399956,0.11276054459362904
+ demographics + terrain,27.5,0.08241513329923615,0.059056740401498276,0.11501234491700023
+ demographics + terrain,28.0,0.08371195739853014,0.05971188904275422,0.11735840087852117
+ demographics + terrain,28.5,0.08502918737083785,0.06034996586605946,0.11980060968039667
+ demographics + terrain,29.0,0.08636714430801253,0.060971326784526644,0.12234084461180011
+ demographics + terrain,29.5,0.08772615435437343,0.06157639919017152,0.12498097094049836
+ demographics + terrain,30.0,0.0891065487862076,0.062165668328642225,0.1277228613487057
+ demographics + terrain,30.5,0.09050866409252285,0.0627396645119375,0.13056841058266216
+ demographics + terrain,31.0,0.09193284205707128,0.06329895140160625,0.13351954908491498
+ demographics + terrain,31.5,0.09337942984166332,0.06384411550454568,0.1365782554687171
+ demographics + terrain,32.0,0.09484878007079321,0.06437575694629728,0.13974656777119482
+ demographics + terrain,32.5,0.09634125091759561,0.06489448152438822,0.14302659348436203
+ demographics + terrain,33.0,0.0978572061911549,0.0654008939969865,0.14642051841033615
+ demographics + terrain,33.5,0.0993970154251885,0.06589559252861345,0.14993061442076158
+ demographics + terrain,34.0,0.10096105396812537,0.06637916419331968,0.15355924622173153
+ demographics + terrain,34.5,0.10254970307460207,0.066852181424116,0.15730887723725626
+ demographics + terrain,35.0,0.10416334999839852,0.06731519929366353,0.16118207472810966
+ demographics + terrain,35.5,0.10580238808683624,0.06776875351307965,0.16518151426109662
+ demographics + terrain,36.0,0.10746721687666166,0.06821335904150735,0.16930998363807043
+ demographics + terrain,36.5,0.10915824219143844,0.06864950920744428,0.17357038638569938
+ demographics + terrain,37.0,0.11087587624047228,0.06907767525250862,0.1779657448973875
+ demographics + terrain,37.5,0.1126205377192922,0.06949830621856233,0.18249920330856795
+ demographics + terrain,38.0,0.11439265191171298,0.06991182910930423,0.18717403017643008
+ demographics + terrain,38.5,0.11619265079350377,0.07031864926711434,0.19199362102558118
+ demographics + terrain,39.0,0.11802097313768745,0.07071915091493841,0.19696150081214353
+ demographics + terrain,39.5,0.11987806462149753,0.07111369782108408,0.2020813263508179
+ demographics + terrain,40.0,0.12176437793501763,0.07150263405198917,0.2073568887423293
+ demographics + terrain,40.5,0.12368037289153053,0.07188628478435143,0.21279211583233654
+ demographics + terrain,41.0,0.12562651653960363,0.07226495715336716,0.21839107472770358
+ demographics + terrain,41.5,0.12760328327693815,0.07263894111848453,0.22415797439138427
+ demographics + terrain,42.0,0.12961115496600942,0.0730085103319706,0.23009716833335475
+ demographics + terrain,42.5,0.13165062105152758,0.07337392299883966,0.2362131574118915
+ demographics + terrain,43.0,0.1337221786797457,0.07373542271939972,0.2425105927568406
+ demographics + terrain,43.5,0.13582633281964562,0.07409323930791009,0.24899427882435118
+ demographics + terrain,44.0,0.13796359638603098,0.0744475895826204,0.2556691765909247
+ demographics + terrain,44.5,0.14013449036455633,0.07479867812396064,0.26254040689314395
+ demographics + terrain,45.0,0.1423395439387247,0.07514669799881928,0.26961325391838875
+ demographics + terrain,45.5,0.14457929461888244,0.0754918314497621,0.27689316885104504
+ demographics + terrain,46.0,0.1468542883732447,0.0758342505487689,0.28438577367812096
+ demographics + terrain,46.5,0.14916507976098203,0.07617411781569164,0.29209686515748073
+ demographics + terrain,47.0,0.15151223206740136,0.07651158680195595,0.3000324189519912
+ demographics + terrain,47.5,0.15389631744125407,0.07684680264047661,0.3081985939321879
+ demographics + terrain,48.0,0.15631791703420495,0.07717990256288218,0.3166017366503407
+ demographics + terrain,48.5,0.1587776211424949,0.07751101638537172,0.32524838598849115
+ demographics + terrain,49.0,0.16127602935083396,0.07784026696459825,0.33414527798318555
+ demographics + terrain,49.5,0.16381375067855697,0.07816777062504854,0.34329935082960233
+ demographics + terrain,50.0,0.1663914037280809,0.07849363755941297,0.35271775006789824
+ demographics + terrain,50.5,0.16900961683569632,0.0788179722034245,0.36240783395475146
+ demographics + terrain,51.0,0.1716690282247332,0.0791408735866518,0.372377179023139
+ demographics + terrain,51.5,0.17437028616113553,0.07946243566065808,0.3826335858336876
+ demographics + terrain,52.0,0.177114049111485,0.07978274760592825,0.39318508492097387
+ demographics + terrain,52.5,0.17990098590351036,0.08010189411888223,0.4040399429384512
+ demographics + terrain,53.0,0.1827317758891232,0.08041995568024907,0.41520666900583064
+ demographics + terrain,53.5,0.1856071091100185,0.08073700880600615,0.42669402126296657
+ demographics + terrain,54.0,0.18852768646588136,0.08105312628203094,0.43851101363448935
+ demographics + terrain,54.5,0.19149421988524026,0.08136837738352802,0.4506669228097465
+ demographics + terrain,55.0,0.1945074324990089,0.08168282808027637,0.4631712954425965
+ demographics + terrain,55.5,0.19756805881675893,0.08199654122861039,0.4760339555761994
+ demographics + terrain,56.0,0.2006768449057658,0.08230957675106489,0.4892650122977551
+ demographics + terrain,56.5,0.20383454857287248,0.0826219918044971,0.5028748676287084
+ demographics + terrain,57.0,0.20704193954921477,0.08293384093746822,0.5168742246560335
+ demographics + terrain,57.5,0.21029979967785312,0.08324517623763224,0.5312740959103419
+ demographics + terrain,58.0,0.21360892310435703,0.08355604746978208,0.5460858119970872
+ demographics + terrain,58.5,0.21697011647038825,0.08386650220521694,0.5613210304870145
+ demographics + terrain,59.0,0.2203841991103303,0.08417658594299646,0.5769917450725821
+ demographics + terrain,59.5,0.22385200325101154,0.08448634222364587,0.5931102949970802
+ demographics + terrain,60.0,0.2273743742145715,0.08479581273581713,0.6096893747635568
+ demographics + terrain,60.5,0.23095217062451898,0.0851050374163785,0.6267420441308899
+ demographics + terrain,61.0,0.23458626461503262,0.085414054544382,0.6442817384045337
+ demographics + terrain,61.5,0.2382775420435551,0.08572290082931204,0.6623222790298313
+ demographics + terrain,62.0,0.24202690270673183,0.0860316114939965,0.6808778844959968
+ demographics + terrain,62.5,0.24583526055974875,0.08634022035254392,0.6999631815590902
+ demographics + terrain,63.0,0.24970354393912006,0.08664875988362696,0.7195932167926847
+ demographics + terrain,63.5,0.2536326957889827,0.0869572612994197,0.739783468475173
+ demographics + terrain,64.0,0.25762367389095114,0.08726575461048251,0.7605498588228409
+ demographics + terrain,64.5,0.26167745109758883,0.08757426868684591,0.7819087665783304
+ demographics + terrain,65.0,0.2657950155695537,0.08788283131555236,0.8038770399641997
+ demographics + terrain,65.5,0.2699773710164752,0.08819146925487488,0.8264720100117681
+ demographics + terrain,66.0,0.27422553694162144,0.0885002082854364,0.8497115042755832
+ demographics + terrain,66.5,0.2785405488904165,0.08880907325841624,0.8736138609443486
+ demographics + terrain,67.0,0.28292345870286745,0.08911808814103699,0.8981979433593101
+ demographics + terrain,67.5,0.2873753347699647,0.08942727605950179,0.9234831549515202
+ demographics + terrain,68.0,0.2918972622941155,0.08973665933954174,0.9494894546097192
+ demographics + terrain,68.5,0.2964903435536766,0.09004625954471848,0.9762373724909841
+ demographics + terrain,69.0,0.3011556981716488,0.09035609751262849,1.0037480262865204
+ demographics + terrain,69.5,0.30589446338859855,0.09066619338913655,1.0320431379554336
+ demographics + terrain,70.0,0.31070779433987694,0.0909765666607521,1.0611450509397928
