sample,outcome,beta,irr,se_hc0,ci95_low,ci95_high,p_normal_hc0,dispersion,n,sum_outcome,iterations
all harmonized units,events,0.5848603158740817,1.794740271403847,0.11788537047217751,1.4244773717020545,2.2612452158155323,7.003632034319196e-07,27.23938412605099,289,3763,12
exclude split-mapped units,events,0.5590181247717328,1.7489544019523855,0.11048797665395926,1.4084103971728166,2.1718396187991904,4.202733530078717e-07,19.018449368816555,275,1622,12
exclude top unit (Chhattisgarh: Dantewara),events,0.4619058311765261,1.5870958412402667,0.11499393389528943,1.266830004588591,1.9883277157618051,5.8997672289340386e-05,22.365524812316703,288,2676,12
exclude state (Andhra Pradesh),events,0.5827783485720666,1.791007567874833,0.12458035551571672,1.4029832351494007,2.2863481386100397,2.897835472470689e-06,28.24060158312549,267,3493,12
exclude state (Bihar),events,0.5836973249798078,1.7926542180762537,0.12126687148992578,1.4134227666439063,2.273636184039345,1.4843676687803509e-06,29.26128861534967,252,3510,12
exclude state (Chhattisgarh),events,0.4331090970001774,1.5420444439471146,0.1264387182835612,1.2035664722519663,1.9757122867164358,0.0006137892319992844,20.53710920187803,274,2157,12
exclude state (Jharkhand),events,0.611842499326586,1.8438255182657548,0.12909829432869377,1.4316245414600388,2.374709599725645,2.144008022453292e-06,29.19426513589811,271,3199,12
exclude state (Madhya Pradesh),events,0.5803162826682408,1.7866034130928832,0.118028022676089,1.4176227630883926,2.2516228144652843,8.798518447150627e-07,31.32096508051705,244,3734,12
exclude state (Maharashtra),events,0.5053523153766553,1.657569404788278,0.1327883162298718,1.2777327465302772,2.150321606103613,0.00014140446937060958,26.7412656569976,254,3475,12
exclude state (Odisha),events,0.6528176179938794,1.9209457021799192,0.13903696464791687,1.4627308989468293,2.5227007875340144,2.6624047784196136e-06,22.39767267853171,259,3313,12
exclude state (Uttar Pradesh),events,0.5839246943326154,1.7930618590464014,0.11794033030563476,1.4229919285190844,2.2593739050318287,7.382628677277125e-07,35.66231086086542,220,3755,11
exclude state (West Bengal),events,0.7278610281233001,2.07064681218481,0.09781710942813451,1.7093949776096244,2.5082431368827116,9.992007221626409e-14,22.303851445388073,271,3468,12
all harmonized units,fatal_events,0.5937853770584673,1.8108301328297243,0.11729471070410566,1.4389126786227442,2.2788775293179806,4.141476832586477e-07,25.942822672972586,289,3601,12
exclude split-mapped units,fatal_events,0.56280533832801,1.755590624236333,0.1103340447825093,1.414181064506775,2.1794227891047764,3.3800314058751724e-07,18.270040291505776,275,1544,12
exclude top unit (Chhattisgarh: Dantewara),fatal_events,0.468249745984562,1.5971962462292462,0.11401455213519703,1.277341830641584,1.9971442160376591,4.0095326242051144e-05,21.157535208000347,288,2539,12
exclude state (Andhra Pradesh),fatal_events,0.5924217904350334,1.8083625918185833,0.12418025955233956,1.417689567993587,2.306693466128134,1.8362330949095451e-06,26.8991183685774,267,3340,12
exclude state (Bihar),fatal_events,0.5928927286317236,1.8092144193998656,0.12069727209113358,1.4280731317742075,2.292079265785057,9.004645762367147e-07,27.811272359721656,252,3361,12
exclude state (Chhattisgarh),fatal_events,0.4393745448474625,1.5517363734228165,0.1254560432811453,1.2134659664522667,1.9843043308772617,0.00046140010786910324,19.37966658683324,274,2039,12
exclude state (Jharkhand),fatal_events,0.6203020490630995,1.8594896141266721,0.12819347494354016,1.4463495613214807,2.3906403524510185,1.3062816635045493e-06,27.869273021624977,271,3073,12
exclude state (Madhya Pradesh),fatal_events,0.5892121540955407,1.802567710234952,0.11745599591817818,1.4318945135397332,2.2691967315031656,5.263491167362133e-07,29.83010975906484,244,3573,12
exclude state (Maharashtra),fatal_events,0.5147199571881869,1.673169876986095,0.13306298964280436,1.289064159678482,2.171728549145229,0.00010962246372314688,25.45789323820089,254,3324,12
exclude state (Odisha),fatal_events,0.6627656384101313,1.9401506766007939,0.13788321014428842,1.4806994041587251,2.5421666526928735,1.5342855483879703e-06,21.24143595203831,259,3175,12
exclude state (Uttar Pradesh),fatal_events,0.5931154592480432,1.8096174317224782,0.11734868913920268,1.4377969245024642,2.277592331286313,4.319725452894829e-07,33.906156250734846,220,3595,11
exclude state (West Bengal),fatal_events,0.7354989730066681,2.086522851383827,0.09838026766711976,1.7206009999682796,2.530265651029586,7.66053886991358e-14,21.579269115882003,271,3328,12
all harmonized units,victim_deaths,0.5892919102932522,1.8027114819149028,0.12706342931883258,1.405295482956779,2.3125162831878074,3.521756481994487e-06,37.08401226304661,289,4614,13
exclude split-mapped units,victim_deaths,0.5194288070147577,1.681067161642529,0.11755415627687733,1.3351219830005592,2.116650641615333,9.93266293169981e-06,25.25582912219741,275,1892,13
exclude top unit (Chhattisgarh: Dantewara),victim_deaths,0.4355401405109833,1.5457977815008885,0.11799754414542402,1.2266231090871784,1.9480236134400457,0.00022329074945126592,28.68917477539856,288,3126,13
exclude state (Andhra Pradesh),victim_deaths,0.5898739798012316,1.8037610907432224,0.13123290011237942,1.3946695361773958,2.3328494586586728,6.961457117871106e-06,38.9287839081544,267,4431,13
exclude state (Bihar),victim_deaths,0.5887162133209021,1.8016739650490579,0.13187571798112713,1.3913017310735092,2.333087786666522,8.037805019789346e-06,38.800985815246015,252,4216,13
exclude state (Chhattisgarh),victim_deaths,0.40204470070927667,1.4948781532963016,0.131353155784448,1.1555685978770203,1.9338191582118271,0.0022075232195315486,26.311489241498222,274,2544,13
exclude state (Jharkhand),victim_deaths,0.6250369735965867,1.8683150344815829,0.1402708977352423,1.4192179976454622,2.459524240716339,8.353119637760642e-06,39.81094247669525,271,3883,13
exclude state (Madhya Pradesh),victim_deaths,0.5877837933548181,1.7999948312222795,0.12717720405674135,1.4028648587224735,2.309546334618026,3.80479617456686e-06,43.51346223533879,244,4601,13
exclude state (Maharashtra),victim_deaths,0.5186526484903929,1.6797628932599789,0.14834116459426014,1.2559647041825297,2.2465626368136142,0.0004716693829314167,37.03082344162094,254,4264,13
exclude state (Odisha),victim_deaths,0.6521892246413566,1.9197389718604772,0.14601803112026404,1.441946423172251,2.5558492748795247,7.951045436271897e-06,29.454056884568843,259,4108,13
exclude state (Uttar Pradesh),victim_deaths,0.5891680710128826,1.8024882492450403,0.12708576450132028,1.4050599523545115,2.312331145174297,3.5523668624470872e-06,48.71647709027469,220,4612,12
exclude state (West Bengal),victim_deaths,0.7392091368909626,2.0942785717108534,0.11346942590961312,1.6766689581091827,2.615902629266451,7.287837000546915e-11,32.79628988852243,271,4253,13
