state,fsi_2001_unit,cluster,PC1,PC2,forest_pct,events
Andhra Pradesh,Adilabad,2,1.3519180590644404,-0.42363042936948314,37.52,6
Andhra Pradesh,Anantapur,1,-0.2662738835387724,0.1495458386082312,2.67,6
Andhra Pradesh,Chittoor,1,-0.19037413323880253,0.6127436721821798,13.91,0
Andhra Pradesh,Cuddapah,1,0.44075008505261015,0.4075206054162927,21.8,5
Andhra Pradesh,East Godawari,1,0.14952235252588275,0.6312493581973339,32.48,11
Andhra Pradesh,Guntur,1,-0.5549024176253419,0.21837681363181344,8.75,11
Andhra Pradesh,Karimnagar,1,-0.23253065229345185,-0.3418190289723425,13.77,8
Andhra Pradesh,Khammam,2,1.979017803512528,-0.06371890128148625,44.81,68
Andhra Pradesh,Krishna,1,-0.8948279196013965,0.7027470972378921,3.14,0
Andhra Pradesh,Kurnool,1,-0.08118649626473072,-0.4667673219133201,12.06,5
Andhra Pradesh,Mahboobnagar,1,0.18128975099404432,-1.2057112881413852,11.02,14
Andhra Pradesh,Medak,1,-0.35041635915462443,-0.6611447747783854,5.86,0
Andhra Pradesh,Nalgonda,1,-0.2430316128629703,-0.2723257254348169,1.36,8
Andhra Pradesh,Nellore,1,-0.28229989025088525,0.3505900431209472,7.17,1
Andhra Pradesh,Nizamabad,1,0.09988699617565425,-0.5433709463443506,14.13,2
Andhra Pradesh,Prakasham,1,0.04551312285253882,-0.15425122326093418,17.04,16
Andhra Pradesh,Srikakulam,1,-0.07943178182967406,-0.2372311149547393,7.66,1
Andhra Pradesh,Vizianagaram,1,0.2223672849785731,-0.5890259660820514,11.35,7
Andhra Pradesh,Vishakapatnam,2,1.1345178151783106,0.27192391168477614,29.89,78
Andhra Pradesh,Warangal,2,0.6707116760139833,-0.12666814101738064,25.13,22
Andhra Pradesh,West Godawari,1,-0.747306082658921,1.1181370644459452,11.69,0
Andhra Pradesh,Hyderabad + Rangareddy,1,-0.934468973495943,1.1183809312319004,4.94,1
Bihar,Araria,1,-0.8958103581423816,-1.9646172652278342,2.19,0
Bihar,Aurangabad,1,-1.3502796944705704,-0.31691171387830697,4.33,30
Bihar,Banka,1,-0.4115440882634832,-1.308381918766573,6.52,8
Bihar,Begusarai,1,-1.2680100383800639,-0.9378881203893693,1.56,2
Bihar,Bhabua,1,-0.04793258763516952,-0.27288895831319776,30.76,2
Bihar,Bhagalpur,1,-0.9317841911713544,-0.7710202304697584,0.82,0
Bihar,Bhojpur,1,-1.2954081505247355,-0.07067052066059402,0.46,0
Bihar,Buxar,1,-1.1250926636255574,-0.22463186324765777,0.88,1
Bihar,Darbhanga,1,-1.4747963100700745,-1.2607705640666842,1.01,1
Bihar,Gaya,1,-1.5036474529341364,-0.8986988499550745,11.01,56
Bihar,Goplaganj,1,-1.1648462297452264,-0.9540179455958254,0.49,0
Bihar,Jamui,1,-0.10769954639599331,-1.3072751782743284,20.5,48
Bihar,Jehanabad,1,-1.4834412935228563,-0.42267893644414656,0.25,3
Bihar,Katihar,1,-0.5675886216452006,-1.9223786087549672,0.36,0
Bihar,Khagaria,1,-1.123794941394082,-1.4749080404912367,0.87,1
Bihar,Kishanganj,1,-0.43080205757498946,-2.1939606642180665,0.64,0
Bihar,Lakhisarai,1,-0.46278001010651504,-0.8408050350034566,16.74,20
Bihar,Madhepura,1,-1.2026379809563474,-1.933693655197833,1.23,0
Bihar,Madhubani,1,-1.186943937323316,-1.4109171625183603,0.43,1
Bihar,Munger,1,-0.46375305054116783,0.12802814228556347,19.52,26
Bihar,Muzaffarpur,1,-1.4257297934046413,-0.9700961584624286,0.16,9
Bihar,Nalanda,1,-1.5153831074643438,-0.597853542254261,1.94,1
Bihar,Nawada,1,-0.9233891978191924,-1.044346584348644,19.73,6
Bihar,Paschimi Champaran,1,-0.24824341936243527,-1.541279901394751,18.65,2
Bihar,Patna,1,-1.554382913131236,0.23545329215560754,1.06,0
Bihar,Purbi Champaran,1,-1.1093438784282061,-1.7645971643126441,0.6,14
Bihar,Purnia,1,-0.753779888480964,-1.958984052520021,1.58,0
Bihar,Rohtas,1,-0.6586840552385802,0.1939547987834962,17.35,11
Bihar,Saharsa,1,-1.221767320787125,-1.680957374791987,0.65,0
Bihar,Samastipur,1,-1.5181304435758425,-1.2372141761987305,1.1,0
Bihar,Saran,1,-1.2473569868236798,-0.604383770991514,0.57,1
Bihar,Sheikhpura,1,-1.4391786093073307,-0.9712429203425791,0.33,0
Bihar,Sheohar,1,-1.1464141619708437,-1.962965102173191,0.17,3
Bihar,Sitamarhi,1,-1.2077650356998442,-1.6709773741256024,0.63,2
Bihar,Siwan,1,-1.2120521368719595,-0.6150444872478128,0.23,0
Bihar,Sapaul,1,-0.9980741335530325,-1.7970084157411954,1.15,0
Bihar,Vaishali,1,-1.7389268818013668,-0.8407343853358602,0.83,5
Chhattisgarh,Bastar,2,4.743187535271246,-1.1117351133869198,54.77,267
Chhattisgarh,Bilaspur,2,0.8359852465177704,0.6082314973755774,30.25,1
Chhattisgarh,Dantewara,2,6.040051433097635,-2.1259928253669016,68.35,1087
Chhattisgarh,Durg,1,0.09350109866537168,1.319681458817189,9.19,2
Chhattisgarh,Janjgir-Champa,1,-0.6456373640475779,0.3557494707627288,3.74,0
Chhattisgarh,Jashpur,2,3.62311413334867,0.3995193572295589,36.88,1
Chhattisgarh,Kanker,2,3.978253271812577,1.2858527117571126,50.66,126
Chhattisgarh,Kawardha,2,1.6390184159580818,-0.2429873156406866,23.32,4
Chhattisgarh,Korba,2,3.028180257657192,0.37329375882326893,50.34,0
Chhattisgarh,Koriya,2,3.890146396024826,0.5868857816800621,61.58,1
Chhattisgarh,Mahasamud,2,1.2962116713057632,0.6382380003647254,20.05,2
Chhattisgarh,Raigarh,2,1.9577433583979387,0.9213688273897118,35.48,3
Chhattisgarh,Rajnandgaon,2,2.03619160115304,1.6620827893102528,45.06,64
Chhattisgarh,Surguja,2,3.6883443818470174,-0.210681036291057,45.58,17
Chhattisgarh,Raipur + Dhamtari,2,1.062954428202736,0.9759993903616754,31.62,31
Jharkhand,Bokaro,1,0.15848762022651158,0.3415402363110501,29.76,32
Jharkhand,Chatra,2,0.5328552718744607,-1.195263709717774,50.78,36
Jharkhand,Deoghar,1,-0.20521187260342652,-0.7770997859713664,3.55,0
Jharkhand,Dhanbad,1,-0.7124307044765446,0.5607603592089568,5.81,4
Jharkhand,Dumka,2,1.384373750177018,-0.9969309339089625,7.86,13
Jharkhand,Garhwa,2,0.6742318343905515,-1.622033070009838,33.6,17
Jharkhand,Giridih,1,0.20433294536574764,-1.1305826426602923,15.78,42
Jharkhand,Godda,2,0.8393902349917771,-1.24590977362134,18.48,2
Jharkhand,Gumla,2,3.4322316583281274,-0.6744092575794371,27.39,67
Jharkhand,Hazaribagh,2,0.8098718612136758,0.06019505724452651,36.05,22
Jharkhand,Kodarma,2,0.6903781129394726,-0.37792507994595503,42.93,3
Jharkhand,Lohardaga,2,3.1288428805665665,-0.367914049001803,37.36,18
Jharkhand,Pakaur,2,1.9199506998991438,-2.292436353199002,18.71,1
Jharkhand,Palamu,2,1.049631360175811,-1.1341925281797338,44.59,91
Jharkhand,Paschimi Singhbhum,2,3.099823084790397,-0.6424850416150096,37.62,105
Jharkhand,Purbi Singhbhum,2,1.2139173360281788,0.8973593072242524,25.05,41
Jharkhand,Ranchi,2,1.8317512534391753,0.4568554759625516,22.5,70
Jharkhand,Sahibganj,2,1.522949405464544,-1.6096786631029134,30.04,0
Madhya Pradesh,Balaghat,2,2.484541207076366,1.1025286590896388,52.84,25
Madhya Pradesh,Barwani,2,2.1794898927627404,-0.6605502574378781,17.36,0
Madhya Pradesh,Betul,2,2.4635258617688973,0.6576538275712085,36.18,0
Madhya Pradesh,Bhind,1,-0.9925732172343578,0.798267722418525,2.15,0
Madhya Pradesh,Bhopal,1,-0.5414563392058623,1.2907881757948987,14.14,1
Madhya Pradesh,Chhatarpur,1,0.022892106574639644,-0.49522031095667074,19.5,0
Madhya Pradesh,Chhindwara,2,2.2723603668941705,0.6356182737329777,38.47,0
Madhya Pradesh,Damoh,2,1.1443271427602293,0.3187134273057586,37.31,0
Madhya Pradesh,Datia,1,-0.5161832961789059,0.37273264250724486,6.17,0
Madhya Pradesh,Dewas,2,0.7809450304899174,0.14698723268788746,24.46,0
Madhya Pradesh,Dhar,2,2.0589250635689855,-0.713454184036567,7.74,0
Madhya Pradesh,Dindori,2,3.986092432149317,-0.3712391366073277,38.55,0
Madhya Pradesh,Nimar East,2,1.9674984465618868,0.3112143544757232,32.63,0
Madhya Pradesh,Guna,2,0.6584021934463004,0.04380662273459117,20.0,0
Madhya Pradesh,Gwaliar,1,0.07654857472625988,0.9167400717118693,29.39,0
Madhya Pradesh,Harda,2,1.5963226049073422,0.6271818160852258,31.74,0
Madhya Pradesh,Hoshangabad,2,1.250228384945856,0.999833992091404,34.71,0
Madhya Pradesh,Indore,1,-0.5514582042426551,1.2826033270959287,12.57,0
Madhya Pradesh,Jabalpur,1,0.38126056089816934,1.3845159036345074,20.57,0
Madhya Pradesh,Jhabua,2,3.5480213364600375,-2.051115766807928,13.0,0
Madhya Pradesh,Katni,2,1.2235294870566387,0.41677473190728404,23.35,0
Madhya Pradesh,Mandla,2,3.7133664648175433,0.17253711956977474,47.74,3
Madhya Pradesh,Mandsaur,1,-0.39383765193520626,0.8481180550290924,4.73,0
Madhya Pradesh,Morena,1,-0.4245437096175906,0.44231152819788616,17.52,0
Madhya Pradesh,Narshimhapur,2,0.6960779196142629,0.8913679492761662,25.56,0
Madhya Pradesh,Neemuch,2,0.7439078852334035,0.687029426007676,21.12,0
Madhya Pradesh,Panna,2,1.3548997492273418,0.2725975004457096,38.15,0
Madhya Pradesh,Raisen,2,1.2556190273580488,1.1491417252093354,31.85,0
Madhya Pradesh,Rajgarh,1,-0.27022801876132296,-0.4855608900203667,4.36,0
Madhya Pradesh,Ratlam,1,0.4105399614840982,0.7108226371244054,3.79,0
Madhya Pradesh,Rewa,1,0.0364590447570276,0.1864005959032155,10.18,0
Madhya Pradesh,Sagar,1,0.48483669187543194,0.7194183499438105,27.48,0
Madhya Pradesh,Satna,2,0.561331213037503,0.46482574765447743,22.18,0
Madhya Pradesh,Sehore,1,0.4623601886781839,0.3093583229487626,21.85,0
Madhya Pradesh,Seoni,2,2.4063635062278643,0.6118026032487429,35.93,0
Madhya Pradesh,Shahdol,2,2.406554657829033,-0.020950208600217072,25.38,0
Madhya Pradesh,Shajapur,1,-0.6880756401386218,0.8217730936408384,2.42,0
Madhya Pradesh,Sheopur,2,2.6362748071975073,-0.7751315007396903,56.75,0
Madhya Pradesh,Shivpuri,2,0.7781918377498016,0.019261158945564856,24.77,0
Madhya Pradesh,Sidhi,2,2.1068833531628366,-0.4261021825190281,38.89,0
Madhya Pradesh,Tikamgarh,1,-0.6231887869655486,-0.4176036047086367,7.01,0
Madhya Pradesh,Ujjain,1,-1.049589844357618,0.7580638455777573,0.61,0
Madhya Pradesh,Umaria,2,3.1538440458100947,0.15717217602323538,44.14,0
Madhya Pradesh,Vidisha,1,-0.020830600605592282,0.18062670478585316,11.91,0
Madhya Pradesh,Nimar West,2,1.3854979782066388,0.23049390294482727,13.52,0
Maharashtra,Ahmadnagar,1,-0.12086587167885457,1.2920324070474543,1.83,0
Maharashtra,Akola,1,-0.14522000347493313,1.8181090472798855,6.7,0
Maharashtra,Amravati,2,0.6204524508197472,1.9240404818827337,25.69,0
Maharashtra,Aurangabad,1,-0.3086660507442158,1.1242036555382542,4.84,0
Maharashtra,Bhandara,1,0.2175917989714199,1.6142147378537997,25.84,0
Maharashtra,Bid,1,-0.24303161958405078,0.7353969904193374,2.44,0
Maharashtra,Mumbai City,1,-2.6698200754735018,2.2073092721675183,0.64,0
Maharashtra,Mumbai Suburb,1,-1.984279569831198,2.384471155478397,18.39,0
Maharashtra,Buldana,1,0.024025512343544147,1.3964651819279972,6.41,0
Maharashtra,Chandrapur,2,1.334260818416615,1.2565718078983514,34.49,0
Maharashtra,Dhule,2,0.9497356448771186,1.0039537837427233,6.86,0
Maharashtra,Gadchiroli,2,3.9362999086426704,0.39771995054659665,69.78,277
Maharashtra,Gondiya,2,1.3029143682360635,1.7193951013057214,37.92,10
Maharashtra,Hingoli,1,0.14313959795422065,0.5950181841807064,2.5,0
Maharashtra,Jalgaon,1,0.36893638439610393,1.3919948497760841,10.56,0
Maharashtra,Jalna,1,-0.15965236885467707,0.4590644931379188,1.32,0
Maharashtra,Raigarh,2,1.3622803606853364,1.7487896388516488,31.99,0
Maharashtra,Kolhapur,1,-0.05752608749820873,1.584997924970446,23.6,0
Maharashtra,Latur,1,-0.8145099347080907,0.8928551314094779,0.92,0
Maharashtra,Nagpur,1,-0.041856356923988425,2.004814762222754,19.83,1
Maharashtra,Nanded,1,-0.1984933181459061,0.6397560683103586,8.1,0
Maharashtra,Nandurbar,2,3.085194805313412,-0.33334063800543656,24.12,0
Maharashtra,Nashik,2,0.593235373388169,1.2029198706000268,7.07,0
Maharashtra,Osmanabad,1,-0.43072547449988374,0.7500666545596114,1.22,0
Maharashtra,Parbhani,1,-0.1479844842964561,0.6150580595597968,2.11,0
Maharashtra,Pune,1,-0.3622399495237212,1.7851729741738382,8.4,0
Maharashtra,Ratnagiri,2,1.1308511209260854,1.6436630973752355,26.94,0
Maharashtra,Sangli,1,-0.49745551232313806,1.4289297421594702,1.75,0
Maharashtra,Satara,1,-0.028030716689459344,1.6593046551928006,8.67,0
Maharashtra,Sholapur,1,-0.549611441802362,0.9378843813609865,0.36,0
Maharashtra,Sindhudurg,2,1.6715440143560336,2.163140965239196,45.67,0
Maharashtra,Thane,2,0.6405920608395225,1.952559362383039,27.95,0
Maharashtra,Wardha,1,0.4627049818276695,1.7205294935882316,13.41,0
Maharashtra,Washim,1,-0.08323249090410917,1.11892940892857,6.46,0
Maharashtra,Yavatmal,2,1.0744267313620004,1.2352486876695223,18.77,0
Odisha,Angul,2,1.247337929579612,0.9474807839615724,41.57,2
Odisha,Baleshwar,1,-0.5914195357982257,0.8106549692661009,8.04,0
Odisha,Baragarh,1,0.3864290813215024,0.2947905093501944,15.49,8
Odisha,Bhadrak,1,-1.2834420558187334,1.0444201294468027,1.24,0
Odisha,Bolangir,2,0.6507879670107767,-0.3430763982460519,15.09,14
Odisha,Boudh,2,1.2783978922959673,-0.014463663376586156,41.32,1
Odisha,Cuttack,1,-0.6689297487251734,1.4007087763983634,16.68,0
Odisha,Deogarh,2,2.6024603337508196,0.2155477120363028,46.19,5
Odisha,Dhenkanal,2,0.6006042341799019,0.8707789623618585,28.44,2
Odisha,Gajpati,2,3.931405783225195,-1.2216959288733682,59.01,4
Odisha,Ganjam,1,-0.019966010166478095,0.2128740258863245,26.66,1
Odisha,Jagatsinghpur,1,-1.3088631252874938,1.3833313092834287,1.44,0
Odisha,Jajpur,1,-0.9361880455357239,0.8374244999973869,8.93,1
Odisha,Jharsuguda,2,0.8136732186243043,0.6340625446937855,13.26,0
Odisha,Kalahandi,2,1.4124358042215397,-1.1039369593809027,27.01,23
Odisha,Kendarpara,1,-1.0146335260811148,1.3510046979363204,8.21,0
Odisha,Keonjhar,2,2.575294011179521,0.05561851384591806,40.68,10
Odisha,Khandamal,2,3.9245168551693865,-0.38800037786226377,67.2,44
Odisha,Khurda,1,-0.4353079309888685,1.6977384830950557,15.43,1
Odisha,Koraput,2,2.177694523876056,-2.0443811558718297,16.85,89
Odisha,Malkangiri,2,2.9529525823179705,-2.4805477741430506,37.78,161
Odisha,Mayurbhanj,2,3.1020279875378955,-0.5542441683156301,39.66,5
Odisha,Nawapara,2,2.1224435475101635,-1.352070452508966,32.11,20
Odisha,Nawrangpur,2,2.259992250732224,-2.212628473966818,21.74,10
Odisha,Nayagarh,2,1.1523485286236828,1.1767093625970764,43.83,1
Odisha,Puri,1,-0.9023345981993306,1.472050521935485,6.06,0
Odisha,Rayagada,2,3.1267542911181714,-1.907951182301063,38.64,20
Odisha,Sambalpur,2,2.393071182467697,0.7525832643380806,49.41,4
Odisha,Sonepur,1,-0.21533079636785926,0.17612146381985208,13.39,0
Odisha,Sundargarh,2,2.9546523389991663,0.5367736981179491,42.17,24
Uttar Pradesh,Agra,1,-1.368843245601954,0.25959298024685323,6.38,0
Uttar Pradesh,Aligarh,1,-1.5138054311562468,-0.19037575157054867,1.12,0
Uttar Pradesh,Allahabad,1,-1.9222047333462535,-0.6187884931253226,3.13,0
Uttar Pradesh,Ambedkar Nagar,1,-1.432122071826965,-0.19146254523455386,9.37,0
Uttar Pradesh,Azamgarh,1,-1.8190953061414596,-0.3834298600678386,1.09,0
Uttar Pradesh,Bagpat,1,-1.0359858004440627,0.4238216176556957,1.36,0
Uttar Pradesh,Bahraich,1,-0.510112241774745,-1.9765360370843976,13.22,0
Uttar Pradesh,Balrampur,1,-0.23912668478150453,-1.8959132242485166,14.84,0
Uttar Pradesh,Ballia,1,-1.35919914439467,-0.17505074821999325,0.34,1
Uttar Pradesh,Banda,1,-0.8612146318675777,-0.4722379120369494,4.04,0
Uttar Pradesh,Barabanki,1,-1.563741941542487,-1.1566061415291855,2.04,0
Uttar Pradesh,Bareilly,1,-1.0688653540155195,-0.9249142217143611,0.83,0
Uttar Pradesh,Basti,1,-1.468087988771587,-0.6731746435310194,0.19,0
Uttar Pradesh,Bijnor,1,-1.1532831898737481,-0.1637548381115171,8.48,0
Uttar Pradesh,Budaun,1,-1.0457434884709413,-1.7571416040960042,0.58,0
Uttar Pradesh,Bulandshahar,1,-1.4581367455452747,0.3034601728321219,2.89,0
Uttar Pradesh,Chandauli,1,-0.963317953889538,-0.013616823130801021,18.63,1
Uttar Pradesh,Chitrkoot,1,-0.5107388756509513,-0.002073248547934363,15.56,0
Uttar Pradesh,Deoria,1,-1.5243939404651838,-0.14631333458732462,0.63,0
Uttar Pradesh,Etah,1,-1.0868032225412576,-0.4226350797197029,2.2,0
Uttar Pradesh,Etawah,1,-1.2357303235338601,0.7289214664286376,8.52,0
Uttar Pradesh,Faizabad,1,-1.6372961140792335,-0.38586698516135076,2.07,0
Uttar Pradesh,Farrukhabad,1,-1.1807208845078916,0.081884288709152,1.65,0
Uttar Pradesh,Fatehpur,1,-1.473321591110334,-0.4150399606352885,1.3,0
Uttar Pradesh,Firozabad,1,-1.5694621201175185,-0.09746958866989731,1.82,0
Uttar Pradesh,Gautam Buddh Nagar,1,-1.2155071261312538,0.7086466452699033,1.18,0
Uttar Pradesh,Ghaziabad,1,-1.526834137863219,0.5757960895730485,4.48,0
Uttar Pradesh,Ghazipur,1,-1.6031247801303181,-0.11139460847295872,0.47,0
Uttar Pradesh,Gonda,1,-1.0043190186466397,-1.370049650696534,2.77,0
Uttar Pradesh,Gorakhpur,1,-1.3050912657004903,-0.11861459196911989,14.51,0
Uttar Pradesh,Hamirpur,1,-0.7970004349114614,-0.23178788627771788,3.06,0
Uttar Pradesh,Hardoi,1,-1.8013959976718898,-0.8656082872521159,1.35,0
Uttar Pradesh,Hathras,1,-1.6528358097406814,0.07715900770600823,1.63,0
Uttar Pradesh,Jyotiba Phule Nagar,1,-1.077544427612531,-0.83402976491431,3.38,0
Uttar Pradesh,Jalaun,1,-1.1715746896557664,0.2546052310348909,5.17,0
Uttar Pradesh,Jaunpur,1,-1.6613385266697271,-0.10256679561023645,0.89,0
Uttar Pradesh,Jhansi,1,-1.303443871149969,0.3066640860062817,3.5,0
Uttar Pradesh,Kannauj,1,-1.2837283092136307,0.1261444983239053,0.48,0
Uttar Pradesh,Kanpur Dehat,1,-1.0860611677014527,0.43228249463491514,3.8,0
Uttar Pradesh,Kanpur Nagar,1,-2.1896450920577206,1.1308197651475105,2.25,0
Uttar Pradesh,Kaushambi,1,-2.108526806236433,-1.3501863361542816,0.14,0
Uttar Pradesh,Kheri,1,-0.6876618659711196,-0.9361904501204465,19.05,0
Uttar Pradesh,Kushinagar,1,-1.4413712845247038,-1.0872851800384615,0.31,0
Uttar Pradesh,Lalitpur,1,-0.5199812101610606,-0.867302051024456,11.07,0
Uttar Pradesh,Lucknow,1,-1.7471017377949964,0.6426182779747261,5.1,0
Uttar Pradesh,Maharaj Ganj,1,-1.3429193862898603,-1.1278674055070659,0.0,0
Uttar Pradesh,Mahoba,1,-1.027749360283248,-0.6480204371104377,2.84,0
Uttar Pradesh,Mainpuri,1,-1.2208966941905872,0.38235351843805543,1.78,0
Uttar Pradesh,Mathura,1,-1.268828451788702,0.08538110273583281,1.59,0
Uttar Pradesh,Mau,1,-1.1741688757195485,-0.2631065665484351,0.18,0
Uttar Pradesh,Meerut,1,-1.4065793492600969,0.38863142405484513,6.64,0
Uttar Pradesh,Mirzapur,1,-1.0365225189207126,-0.42977336119145515,13.96,1
Uttar Pradesh,Moradabad,1,-1.325141289274404,-1.229578199230078,0.46,0
Uttar Pradesh,Muzzaffarnagar,1,-1.164659377191672,0.10134883095924373,1.0,0
Uttar Pradesh,Orraiya,1,-1.6342328694059967,0.7012403595874286,3.52,0
Uttar Pradesh,Pilibhit,1,-0.33017057032414715,-0.702909297182958,19.55,0
Uttar Pradesh,Pratapgarh,1,-1.4936481875440926,-0.27317596013052486,1.02,0
Uttar Pradesh,Raibareli,1,-1.7804469774137754,-0.6918667245274682,1.37,0
Uttar Pradesh,Rampur,1,-0.9330637179768015,-1.63927711465808,3.59,0
Uttar Pradesh,Saharanpur,1,-1.29016262089687,0.06701709603817838,7.83,0
Uttar Pradesh,Sant Kabir Nagar,1,-1.5474318139542098,-0.8108709602870218,0.0,0
Uttar Pradesh,Sant Ravidas Nagar,1,-1.849890288367263,-0.2649213680868672,0.0,0
Uttar Pradesh,Shahjahanpur,1,-1.0088132420308726,-0.8747344895586799,2.38,0
Uttar Pradesh,Siddharth Nagar,1,-1.0542387062322611,-1.408701285973481,2.56,0
Uttar Pradesh,Sitapur,1,-1.7183323305389333,-1.1330060336997767,6.06,0
Uttar Pradesh,Sonbhadra,1,-0.25444102040040817,-0.6106600241081547,36.79,4
Uttar Pradesh,Sultanpur,1,-1.4592435100802907,-0.41469192038400265,1.98,0
Uttar Pradesh,Unnao,1,-1.815729188524745,-0.6422082618748334,0.83,0
Uttar Pradesh,Varanasi,1,-1.7200272656187847,0.5029863533967308,0.07,1
West Bengal,Bankura,1,-0.9896450072034426,0.08939714070050497,13.59,17
West Bengal,Bardhman,1,-1.7031795307899467,0.6326721878446627,2.88,1
West Bengal,Birbhum,1,-1.6106929022384664,-0.10906025611950862,1.3,4
West Bengal,Calcutta,1,-2.7940004913683816,1.7513116023213278,0.0,0
West Bengal,Coochbehar,1,-2.98152577478942,-0.0034625235747579542,1.12,0
West Bengal,Dakshin Dinajpur,1,-1.3118476954899878,0.010235653856505787,0.72,0
West Bengal,Darjeeling,2,1.6353764628438145,1.368517716575612,69.74,2
West Bengal,Howrah,1,-2.0322119018216394,1.345983946529562,0.14,0
West Bengal,Hoogli,1,-1.971215605534393,1.0631563954599919,0.41,0
West Bengal,Jalpaiguri,1,-0.30110682825624946,0.07756573582718454,37.64,0
West Bengal,Maldah,1,-1.0101615715427716,-0.8145702147829488,2.89,0
West Bengal,Medinipur,1,-0.6473402416439551,1.2218350607156239,10.43,233
West Bengal,Murshidabad,1,-1.138398647950928,-0.40248355726762386,1.22,0
West Bengal,Nadia,1,-2.1130897690612604,0.26903359922334874,1.12,1
West Bengal,24 Pargana North,1,-1.9800397847546096,1.37437275711409,3.37,0
West Bengal,Purulia,1,-0.02419203762384052,-0.4023441605118994,11.1,35
West Bengal,24 Pargana South,1,-1.2954462706363026,0.6652459761520628,22.49,1
West Bengal,Uttar Dinajpur,1,-1.512179671549402,-1.1506128946881253,4.14,1
