state,units,area_km2,forest_km2,events,fatal_events,victim_deaths,population_thousands,forest_pct,events_per_1000km2_year
Andhra Pradesh,22,275069.0,44637.0,270,261,183,74444.0,16.227564720124768,0.04674151888123655
Bihar,37,94163.0,5720.0,253,240,398,82370.0,6.074572815224664,0.12794429922176487
Chhattisgarh,15,135191.0,56448.0,1606,1562,2070,20089.0,41.754258789416454,0.5656899532971165
Jharkhand,18,79714.0,22637.0,564,528,731,26357.0,28.397772035025216,0.3369187703181732
Madhya Pradesh,45,308245.0,77265.0,29,28,13,59860.0,25.06610001784295,0.004480047951961527
Maharashtra,35,307713.0,47482.0,288,277,350,96450.0,15.430612291323408,0.044568431344420664
Odisha,30,155707.0,48838.0,450,426,506,36628.0,31.365320762714585,0.13762111805231253
Uttar Pradesh,69,240928.0,13746.0,8,6,2,165485.0,5.705438969318634,0.0015811876616764386
West Bengal,18,88752.0,10693.0,295,273,361,79915.0,12.048179195961781,0.15827946466129267
