term,beta,robust_se,rate_ratio,ci_low,ci_high,p_value
Intercept,2.6952161104494285,2.9503159685070983,14.808718726360876,0.04562511571616924,4806.522610938901,0.3609613749074245
C(state)[T.Bihar],2.29039407828064,0.7322271252994674,9.87882994651425,2.3519747259060173,41.493337507933056,0.00176010297360696
C(state)[T.Chhattisgarh],-0.2136100487743944,0.47083431191526615,0.8076632729063796,0.32096334807785804,2.032381473798709,0.650056200765718
C(state)[T.Jharkhand],1.4420065511504458,0.4979572197776565,4.22917336151279,1.5936521541167086,11.223219116873569,0.00378140026848915
C(state)[T.Madhya Pradesh],-3.0490081393885373,0.8992388695353629,0.04740592114610789,0.008135777752407805,0.2762269850655517,0.0006972599207679588
C(state)[T.Maharashtra],-0.6449358041010358,0.6291581305196884,0.5246962243712563,0.15288594692597807,1.8007288008148008,0.30532665067257847
C(state)[T.Odisha],-0.06449179700721107,0.5277136228639469,0.9375438048955774,0.3332736042507876,2.637437753506095,0.902732834291684
C(state)[T.Uttar Pradesh],-2.1124215547119354,0.6831674119472344,0.12094473724305274,0.031701062619528375,0.46142394790830166,0.001987462764654628
C(state)[T.West Bengal],2.5326042726782685,1.1986792790364666,12.586241497117271,1.2010979018891823,131.8905601072081,0.03461541155970586
forest10,0.31225501785241494,0.12872451581961178,1.3665031312924631,1.0617936523143827,1.758656970459281,0.015276291635311313
log_density,-0.959340446647939,0.48709571009598457,0.38314550756108634,0.14748475043033632,0.9953603985218998,0.04889442004455803
st10,0.10388061580096343,0.13919253304390813,1.1094679940610457,0.8445665550092151,1.4574567540534562,0.45548088158548605
sc10,-0.2621624443396121,0.43065072033929697,0.769386031149947,0.3308062752401617,1.789430579873113,0.5426842819788718
literacy10,-0.08314051325945097,0.17081107627597145,0.9202218347658594,0.6584122191604107,1.2861368615844817,0.6264428853502878
terrain_elev100,-0.1120629627807672,0.09207288431556249,0.893987967759874,0.7463784513377749,1.0707898721713545,0.22356181051928747
terrain_relief100,-0.06218602358257522,0.21682684153304882,0.9397080626704957,0.6143694486626937,1.4373293544626704,0.7742651612365046
