state,fsi_2001_unit,terrain_cells,terrain_polygon_count,min_elevation_m,max_elevation_m,terrain_mean_elevation_m,terrain_relief_sd_m,terrain_elevation_range_m,terrain_sampled_area_km2
Andhra Pradesh,Adilabad,19863,1,103.0,628.0,301.5543850216164,120.1581455831578,525.0,16136.944663890956
Andhra Pradesh,Anantapur,23219,1,216.0,910.0,483.2031557233843,126.5004974580675,694.0,19346.219423213224
Andhra Pradesh,Chittoor,18237,1,3.0,1167.0,463.45190327743796,240.5819328280727,1164.0,15262.42844659994
Andhra Pradesh,Cuddapah,18304,1,86.0,1040.0,287.23496716026574,150.62428523511892,954.0,15252.548799235723
Andhra Pradesh,East Godawari,13258,1,0.0,1254.0,179.81016318895536,240.90725756148026,1254.0,10899.545171796137
Andhra Pradesh,Guntur,13934,1,0.0,511.0,82.00757056008487,76.49988594687942,511.0,11509.132492303466
Andhra Pradesh,Hyderabad + Rangareddy,9463,2,400.0,717.0,570.2572072922917,60.076379422681775,317.0,7775.497217538315
Andhra Pradesh,Karimnagar,14654,1,80.0,613.0,267.33421865775506,95.30315313403366,533.0,11955.451673782602
Andhra Pradesh,Khammam,19689,1,20.0,1259.0,167.01271988137862,108.03970542806664,1239.0,16150.507521398735
Andhra Pradesh,Krishna,10437,1,0.0,442.0,46.27863805600826,51.20653170104267,442.0,8608.895320000554
Andhra Pradesh,Kurnool,21634,1,155.0,871.0,357.4717417536941,108.92610360254162,716.0,17937.2051055931
Andhra Pradesh,Mahboobnagar,22377,1,160.0,877.0,448.647143246612,114.46146253425154,717.0,18463.702151503025
Andhra Pradesh,Medak,11997,1,343.0,682.0,532.0392501540952,53.53271848251572,339.0,9825.052060669848
Andhra Pradesh,Nalgonda,17230,1,32.0,637.0,248.54108956412603,111.40294796510753,605.0,14174.299734721779
Andhra Pradesh,Nellore,15840,1,-3.0,994.0,73.70354033803513,103.1395261515991,997.0,13201.20048228008
Andhra Pradesh,Nizamabad,9731,1,282.0,639.0,430.65487095525015,75.51836607832986,357.0,7940.1353956182
Andhra Pradesh,Prakasham,21486,1,1.0,921.0,178.8978848203183,173.6638270685127,920.0,17806.891442781674
Andhra Pradesh,Srikakulam,7782,1,0.0,981.0,82.62064848460115,104.1818237985858,981.0,6347.870994059371
Andhra Pradesh,Vishakapatnam,14034,1,0.0,1523.0,505.02151542009557,424.96149494989726,1523.0,11493.041532972216
Andhra Pradesh,Vizianagaram,6899,1,0.0,1137.0,173.26061329469428,162.16519930849657,1137.0,5631.226860372944
Andhra Pradesh,Warangal,15740,1,59.0,665.0,255.51438719056935,92.85462089930199,606.0,12885.430132469603
Andhra Pradesh,West Godawari,9487,1,0.0,709.0,71.92948041433331,97.30286310637688,709.0,7811.734674683282
Bihar,Araria,3647,1,44.0,85.0,56.79553395686376,7.02287781174621,41.0,2816.03548999054
Bihar,Aurangabad,4216,1,78.0,368.0,118.69341127834366,39.95040893401375,290.0,3293.705986144916
Bihar,Banka,3991,1,40.0,300.0,124.68515056990849,59.79431561640106,260.0,3116.413323860123
Bihar,Begusarai,2495,1,34.0,51.0,43.58647618233164,2.738746110082379,17.0,1938.0362636968969
Bihar,Bhabua,4309,1,64.0,623.0,194.5131434442797,157.45239429601506,559.0,3360.9755688307932
Bihar,Bhagalpur,3270,1,26.0,84.0,38.01001575146697,6.495346107204327,58.0,2544.74436914166
Bihar,Bhojpur,3063,1,47.0,91.0,67.45751745323142,9.161936158440927,44.0,2379.74173995435
Bihar,Buxar,2218,1,49.0,83.0,68.75366012265242,5.783502158535605,34.0,1722.9257500293782
Bihar,Darbhanga,2970,1,43.0,61.0,51.41919908837714,3.4551247915907464,18.0,2294.9681545694807
Bihar,Gaya,6369,1,68.0,472.0,144.37326734910874,53.885918727665256,404.0,4979.51053750947
Bihar,Goplaganj,2658,1,60.0,80.0,71.06117670684664,4.100189187012107,20.0,2048.0764417550513
Bihar,Jamui,3925,1,55.0,442.0,180.33557136732009,87.12159585075257,387.0,3066.610094814493
Bihar,Jehanabad,2050,1,58.0,166.0,74.1298600351439,8.022900538297424,108.0,1596.8010418831605
Bihar,Katihar,3964,1,24.0,40.0,32.90342499718273,3.148920957781773,16.0,3077.8063782670565
Bihar,Khagaria,1920,1,30.0,44.0,38.62264810294349,2.1374160688605364,14.0,1491.1727638259874
Bihar,Kishanganj,2514,1,40.0,91.0,61.26180900562544,8.583620315459866,51.0,1939.5856334516639
Bihar,Lakhisarai,1626,1,38.0,371.0,70.92478688304485,61.30234185045783,333.0,1266.5732986562557
Bihar,Madhepura,2383,1,33.0,56.0,45.648214167915306,5.79313146246095,23.0,1845.8863132135893
Bihar,Madhubani,4484,1,47.0,88.0,62.81965138975061,7.465632824716011,41.0,3456.18203944366
Bihar,Munger,1850,1,30.0,356.0,77.26529616823555,63.908066519637636,326.0,1440.3999041464065
Bihar,Muzaffarpur,4136,1,49.0,66.0,57.225113725115904,2.9242528459292285,17.0,3194.9381589882596
Bihar,Nalanda,3020,1,42.0,322.0,58.73182934965112,19.38014252214268,280.0,2351.147896845165
Bihar,Nawada,3197,1,56.0,561.0,132.8868518645058,75.17534250399352,505.0,2497.261681411105
Bihar,Paschimi Champaran,6869,1,71.0,747.0,110.24900042050655,62.18131462854419,676.0,5263.192634218344
Bihar,Patna,4139,1,38.0,75.0,54.282663681785905,7.82321230564438,37.0,3216.0592899360704
Bihar,Purbi Champaran,5189,1,58.0,89.0,69.75009481330461,5.1673036490429425,31.0,3992.144288018556
Bihar,Purnia,4199,1,28.0,53.0,41.83884307863375,3.81569345194745,25.0,3252.8639004355546
Bihar,Rohtas,4964,1,73.0,576.0,151.18768119353203,119.30624697196342,503.0,3872.2232693826427
Bihar,Saharsa,2183,1,38.0,52.0,43.9314139425902,2.6548972726051603,14.0,1691.114925732862
Bihar,Samastipur,3777,1,38.0,57.0,47.656827452151695,3.3017402123446935,19.0,2926.922504812397
Bihar,Sapaul,3122,1,45.0,82.0,61.12333988120668,7.306344322189817,37.0,2409.6495974360464
Bihar,Saran,3430,1,45.0,64.0,56.67281883810367,3.1456673499082597,19.0,2655.1520850262036
Bihar,Sheikhpura,819,1,42.0,98.0,51.864898542279896,6.789198315034177,56.0,638.0769879295447
Bihar,Sheohar,372,1,62.0,74.0,67.16297010468405,2.2425133674475095,12.0,286.42852223608963
Bihar,Sitamarhi,3040,1,54.0,91.0,66.90292517523503,6.634780278008821,37.0,2339.698217265434
Bihar,Siwan,2892,1,49.0,74.0,64.73290356922085,2.735035712333517,25.0,2233.808968516992
Bihar,Vaishali,2595,1,41.0,61.0,52.272073814443274,3.5529697845654797,20.0,2011.1873246858386
Chhattisgarh,Bastar,18115,1,258.0,1080.0,601.6640820080781,86.2533460873439,822.0,14696.918699034208
Chhattisgarh,Bilaspur,10535,1,223.0,1099.0,402.51422788893,153.14100485354527,876.0,8384.785966419468
Chhattisgarh,Dantewara,21780,1,42.0,1163.0,317.87436000024167,161.6487305488107,1121.0,17756.364548361384
Chhattisgarh,Durg,10763,1,243.0,649.0,311.4850915326012,45.42454606435693,406.0,8635.702587661839
Chhattisgarh,Janjgir-Champa,4878,1,193.0,776.0,248.51174577446082,36.000758474541584,583.0,3894.1800304982316
Chhattisgarh,Jashpur,7345,1,273.0,1126.0,647.2947619183768,208.36983565754826,853.0,5826.8853988382125
Chhattisgarh,Kanker,8450,1,268.0,856.0,431.9699231527402,111.94072543346289,588.0,6826.747343465243
Chhattisgarh,Kawardha,5310,1,286.0,984.0,479.1954463004238,173.58953131113378,698.0,4234.107250325416
Chhattisgarh,Korba,8318,1,247.0,994.0,419.4075112506015,130.96027731711766,747.0,6611.690639609861
Chhattisgarh,Koriya,8432,1,377.0,987.0,598.9772791075984,116.84527552741466,610.0,6656.009770442198
Chhattisgarh,Mahasamud,5937,1,220.0,588.0,301.4670220724484,41.73190901383914,368.0,4763.154172292788
Chhattisgarh,Raigarh,8928,1,190.0,1110.0,340.11389718248427,133.85951235998155,920.0,7119.196307643983
Chhattisgarh,Raipur + Dhamtari,20616,2,208.0,926.0,346.3299470246561,102.9452865809289,718.0,16568.37165318316
Chhattisgarh,Rajnandgaon,10084,1,268.0,778.0,382.98691351244304,90.15928897888371,510.0,8099.164350165178
Chhattisgarh,Surguja,20012,1,262.0,1178.0,600.6424197792692,167.2067590362663,916.0,15809.997605865194
Jharkhand,Bokaro,3565,1,142.0,892.0,299.4539138017194,106.40831078806065,750.0,2809.360932847964
Jharkhand,Chatra,4801,1,156.0,719.0,403.65345428105974,115.71603094489434,563.0,3769.2633460070647
Jharkhand,Deoghar,3121,1,162.0,576.0,236.04021494932465,32.063718019759136,414.0,2447.324753952333
Jharkhand,Dhanbad,2713,1,98.0,607.0,210.33494047716974,58.41905568018028,509.0,2135.6852464402155
Jharkhand,Dumka,7114,1,47.0,455.0,171.466660857881,46.4863332816371,408.0,5583.619828418357
Jharkhand,Garhwa,5251,1,131.0,1112.0,318.24072176521935,122.27083423177041,981.0,4124.826635070958
Jharkhand,Giridih,6408,1,145.0,1223.0,317.1637038321815,64.60362051708857,1078.0,5026.070967640433
Jharkhand,Godda,2876,1,40.0,537.0,136.86939838271917,79.3609918727553,497.0,2245.6427410772103
Jharkhand,Gumla,11602,1,213.0,1080.0,567.4633904496923,168.91335661741473,867.0,9198.159203231182
Jharkhand,Hazaribagh,6331,1,257.0,959.0,464.45288845522896,94.78572351581235,702.0,4981.3518595614
Jharkhand,Kodarma,3226,1,123.0,616.0,342.851272134122,66.90255460720095,493.0,2527.4760105013816
Jharkhand,Lohardaga,1911,1,421.0,1066.0,711.9991233440497,110.25065182760224,645.0,1508.4145562233475
Jharkhand,Pakaur,2336,1,21.0,540.0,93.93554087213592,70.49829808343254,519.0,1828.3549686645092
Jharkhand,Palamu,11067,1,123.0,1141.0,392.465185034766,181.1747968866774,1018.0,8702.734121484784
Jharkhand,Paschimi Singhbhum,12458,1,130.0,897.0,344.1312506707266,125.2903299944208,767.0,9902.302092826107
Jharkhand,Purbi Singhbhum,4504,1,47.0,813.0,176.88753479177996,89.45642717772262,766.0,3578.7721755995594
Jharkhand,Ranchi,9701,1,196.0,929.0,527.561380207444,146.47073605863676,733.0,7672.439708284054
Jharkhand,Sahibganj,2823,1,23.0,421.0,88.43280763074675,71.3763553551669,398.0,2201.607240305274
Madhya Pradesh,Balaghat,11623,1,264.0,898.0,475.1345379285303,152.4751720421805,634.0,9281.690038366194
Madhya Pradesh,Barwani,6828,1,115.0,979.0,378.76046390048566,152.66416674555217,864.0,5456.187765834182
Madhya Pradesh,Betul,12662,1,326.0,1104.0,606.6800613498993,127.4005276536085,778.0,10111.589077138608
Madhya Pradesh,Bhind,5810,1,112.0,221.0,151.4808315684933,11.260265334799012,109.0,4477.616659750043
Madhya Pradesh,Bhopal,3465,1,421.0,603.0,484.85473741419526,28.100401844307477,182.0,2734.98295082413
Madhya Pradesh,Chhatarpur,11155,1,108.0,539.0,288.94598859150904,101.31852973730244,431.0,8714.440039634412
Madhya Pradesh,Chhindwara,14876,1,316.0,1148.0,642.7995213967436,149.03579209073538,832.0,11859.192139040602
Madhya Pradesh,Damoh,9391,1,306.0,686.0,393.91488083845894,63.30184893302041,380.0,7393.473410982225
Madhya Pradesh,Datia,2456,1,128.0,272.0,195.74231483179372,25.31553084156917,144.0,1902.054321519971
Madhya Pradesh,Dewas,8830,1,185.0,704.0,416.2690872195697,108.64830126767087,519.0,7007.817822031409
Madhya Pradesh,Dhar,10305,1,106.0,694.0,388.34371583827425,149.25806927525207,588.0,8193.154770808535
Madhya Pradesh,Dindori,7221,1,526.0,1099.0,766.5161319378611,106.17039306363202,573.0,5724.835122426105
Madhya Pradesh,Guna,14160,1,309.0,536.0,448.1686448413458,42.76056263059515,227.0,11081.403275884792
Madhya Pradesh,Gwaliar,6774,1,151.0,417.0,245.10970039024127,59.91387174270791,266.0,5238.952906290407
Madhya Pradesh,Harda,4184,1,250.0,699.0,350.47846960011924,95.5557581793535,449.0,3332.8706405880894
Madhya Pradesh,Hoshangabad,8484,1,273.0,1211.0,389.78782730700004,132.66575269520598,938.0,6740.92899126127
Madhya Pradesh,Indore,4948,1,307.0,767.0,543.2956072165191,49.2919432775114,460.0,3927.83957424603
Madhya Pradesh,Jabalpur,6470,1,339.0,741.0,427.03967182069414,68.1088330085282,402.0,5116.335811626339
Madhya Pradesh,Jhabua,8565,1,87.0,727.0,353.36901926825936,80.63916127401293,640.0,6804.310898608106
Madhya Pradesh,Katni,6463,1,324.0,648.0,423.78229234573377,49.93206462307398,324.0,5090.628452737234
Madhya Pradesh,Mandla,9549,1,395.0,919.0,566.4599505273234,95.04292213320225,524.0,7584.194398882663
Madhya Pradesh,Mandsaur,7215,1,347.0,544.0,437.3618668823861,33.017064276259454,197.0,5662.7871817797695
Madhya Pradesh,Morena,6500,1,112.0,418.0,196.24441005743762,52.53931644182909,306.0,5009.6788339680015
Madhya Pradesh,Narshimhapur,6526,1,306.0,898.0,396.87897983026903,83.7292037092836,592.0,5172.0717260930205
Madhya Pradesh,Neemuch,5352,1,364.0,593.0,465.503280596765,43.241352057974595,229.0,4187.495184763047
Madhya Pradesh,Nimar East,13387,1,171.0,739.0,334.74310829561347,89.15014763596841,568.0,10698.802270598524
Madhya Pradesh,Nimar West,10142,1,131.0,898.0,322.4149668543046,150.01307828234133,767.0,8096.752037740014
Madhya Pradesh,Panna,9087,1,129.0,618.0,366.10585422348686,85.82026468794759,489.0,7120.268861225112
Madhya Pradesh,Raisen,10794,1,300.0,647.0,440.26742755284937,82.04490749969419,347.0,8536.667379000965
Madhya Pradesh,Rajgarh,7826,1,321.0,535.0,426.0529049063357,28.998082702185382,214.0,6159.09162039912
Madhya Pradesh,Ratlam,6144,1,282.0,583.0,457.38476976188423,50.94128317096067,301.0,4848.715401222158
Madhya Pradesh,Rewa,8115,1,98.0,620.0,290.2903583495314,95.06702079372374,522.0,6341.715677424492
Madhya Pradesh,Sagar,13089,1,344.0,633.0,461.4730729451326,50.68621284914303,289.0,10302.08934941792
Madhya Pradesh,Satna,9626,1,138.0,651.0,357.93565324647756,73.07977495732614,513.0,7535.893488665626
Madhya Pradesh,Sehore,8326,1,273.0,625.0,443.47958259331796,88.04900315712902,352.0,6595.851792441182
Madhya Pradesh,Seoni,11045,1,323.0,874.0,532.7875397410161,79.86388835787338,551.0,8792.971851903425
Madhya Pradesh,Shahdol,12049,1,264.0,1121.0,540.5115653694775,161.19264195756764,857.0,9515.847758906
Madhya Pradesh,Shajapur,8024,1,328.0,537.0,449.745723674969,35.98769690488662,209.0,6328.589269493277
Madhya Pradesh,Sheopur,8478,1,154.0,503.0,305.1016946658755,80.88448144598983,349.0,6571.183209173694
Madhya Pradesh,Shivpuri,13482,1,201.0,501.0,380.2627120090813,70.4217916001492,300.0,10483.763790103214
Madhya Pradesh,Sidhi,13510,1,176.0,783.0,365.3065809847166,88.55061425835058,607.0,10602.961845710352
Madhya Pradesh,Tikamgarh,6523,1,164.0,387.0,288.8371665460175,45.48885542886325,223.0,5087.967564408019
Madhya Pradesh,Ujjain,7743,1,422.0,548.0,489.9864096547123,19.02689840510711,126.0,6118.457897285774
Madhya Pradesh,Umaria,5844,1,320.0,937.0,467.09404438679553,78.3471451165792,617.0,4609.769277359188
Madhya Pradesh,Vidisha,9318,1,387.0,576.0,452.1777755414042,40.27220231050865,189.0,7331.523471912158
Maharashtra,Ahmadnagar,21125,1,437.0,1397.0,613.3545325006831,119.07601531701957,960.0,17167.50222441022
Maharashtra,Akola,6733,1,239.0,844.0,312.164779297523,49.77106504063523,605.0,5418.345727914109
Maharashtra,Amravati,15296,1,257.0,1128.0,414.76057901783594,149.22543295400652,871.0,12273.215848012253
Maharashtra,Aurangabad,12564,1,283.0,905.0,571.4935976360393,101.16005224019814,622.0,10158.538382559535
Maharashtra,Bhandara,4840,1,213.0,451.0,271.3163948510524,36.007478479143806,238.0,3885.0747089347724
Maharashtra,Bid,13626,1,387.0,872.0,583.53769777423,112.2763524063945,485.0,11091.773237942749
Maharashtra,Buldana,12172,1,218.0,817.0,449.3854886591057,139.52431233384286,599.0,9810.550324233307
Maharashtra,Chandrapur,14056,1,147.0,534.0,231.84668790353086,55.72373259111654,387.0,11357.927872302895
Maharashtra,Dhule,8995,1,117.0,1033.0,347.91900450540226,150.14510191656248,916.0,7221.246649284289
Maharashtra,Gadchiroli,17936,1,83.0,860.0,252.32188082403513,90.04313058818138,777.0,14523.293448620769
Maharashtra,Gondiya,6860,1,223.0,667.0,314.887885727845,51.64444940429489,444.0,5505.7902684239925
Maharashtra,Hingoli,5823,1,360.0,574.0,456.6151281615399,47.53680042911245,214.0,4720.23858122206
Maharashtra,Jalgaon,14731,1,138.0,956.0,281.927459002823,100.87844743379988,818.0,11839.974052637792
Maharashtra,Jalna,9648,1,368.0,717.0,511.0297323465081,61.245734242741555,349.0,7810.901045908287
Maharashtra,Kolhapur,9343,1,56.0,1025.0,666.0065757048671,107.40418225238012,969.0,7710.234187811079
Maharashtra,Latur,8305,1,423.0,699.0,594.3495358951344,48.27779526261706,276.0,6783.114496042337
Maharashtra,Mumbai City,186,1,0.0,34.0,4.45645166781792,5.784731200456257,34.0,151.38159596231282
Maharashtra,Mumbai Suburb,553,1,0.0,395.0,30.209646702678025,54.098752096957476,395.0,449.6151014153664
Maharashtra,Nagpur,12433,1,230.0,564.0,336.3043592689788,69.15313445906413,334.0,9976.814783754204
Maharashtra,Nanded,13097,1,236.0,622.0,404.035249224198,57.094865995806344,386.0,10649.077902753434
Maharashtra,Nandurbar,7408,1,79.0,1116.0,315.00030630559417,201.5132265332909,1037.0,5929.4268278862855
Maharashtra,Nashik,19366,1,108.0,1293.0,597.1563514949743,130.7316337940664,1185.0,15634.491597923843
Maharashtra,Osmanabad,9304,1,472.0,790.0,612.4566609127595,65.29375642013085,318.0,7606.529360835022
Maharashtra,Parbhani,7843,1,364.0,575.0,420.8595982956184,35.75967952470879,211.0,6370.613145344025
Maharashtra,Pune,19296,1,151.0,1343.0,657.3091308381705,124.4033251579024,1192.0,15740.5465555554
Maharashtra,Raigarh,8826,1,0.0,1166.0,122.9319294711009,134.68002383416155,1166.0,7202.015017666021
Maharashtra,Ratnagiri,10107,1,0.0,1076.0,165.52052546696865,123.23073893514871,1076.0,8305.26015257608
Maharashtra,Sangli,10466,1,465.0,1087.0,636.5052638851031,82.81044938609368,622.0,8607.931429030928
Maharashtra,Satara,12882,1,506.0,1404.0,743.3173838791407,140.93216830994504,898.0,10562.762764133306
Maharashtra,Sholapur,18281,1,416.0,828.0,505.35009479548717,46.136198475219906,412.0,14979.529667503659
Maharashtra,Sindhudurg,6173,1,1.0,987.0,150.12085009601677,168.6426273446174,986.0,5102.993798312093
Maharashtra,Thane,11796,1,0.0,1270.0,126.36131825117383,130.44837100143081,1270.0,9562.97425480237
Maharashtra,Wardha,7890,1,201.0,562.0,298.22812370629316,77.28080779661049,361.0,6347.450729005587
Maharashtra,Washim,6464,1,307.0,590.0,468.8466130706546,66.36900347319131,283.0,5219.248850559517
Maharashtra,Yavatmal,16832,1,174.0,553.0,322.83119975814094,72.56036715548295,379.0,13604.06845392337
Odisha,Angul,7958,1,60.0,946.0,214.71031844765187,131.7609458309097,886.0,6394.050054458914
Odisha,Baleshwar,4848,1,0.0,659.0,31.818782092434958,65.31115203435269,659.0,3881.976784929627
Odisha,Baragarh,7251,1,122.0,972.0,226.15888930690102,79.21285508530805,850.0,5816.823474308579
Odisha,Bhadrak,3101,1,0.0,44.0,9.931915205988183,9.046690056741383,44.0,2491.5930156460627
Odisha,Bolangir,8188,1,129.0,969.0,240.5675181306875,73.07586079411831,840.0,6596.131635643129
Odisha,Boudh,3893,1,59.0,759.0,209.16958845414007,128.80871587158947,700.0,3134.9930729360976
Odisha,Cuttack,4930,1,0.0,605.0,64.62496855966879,82.27514516790971,605.0,3975.2055396844526
Odisha,Deogarh,3530,1,107.0,719.0,248.96118102117595,118.3487825456176,612.0,2827.0739316417207
Odisha,Dhenkanal,5581,1,25.0,621.0,113.20195005355079,75.49651989227131,596.0,4488.997681717056
Odisha,Gajpati,5018,1,44.0,1375.0,520.1208021925161,251.31447742136803,1331.0,4078.723701137833
Odisha,Ganjam,10515,1,0.0,1236.0,149.7493046326871,160.18280645128544,1236.0,8522.994163274858
Odisha,Jagatsinghpur,2164,1,0.0,20.0,7.5770887785369325,4.348726076463491,20.0,1747.4780987027157
Odisha,Jajpur,3619,1,3.0,686.0,53.13797703704821,86.94074059660213,683.0,2910.31817203214
Odisha,Jharsuguda,2660,1,188.0,360.0,222.28770160271281,29.17717418614014,172.0,2125.3141470791093
Odisha,Kalahandi,9810,1,147.0,1225.0,376.5878377156677,205.3756576382616,1078.0,7939.572685975145
Odisha,Kendarpara,3072,1,0.0,12.0,4.767532058288287,2.1370309494795183,12.0,2475.3631732164254
Odisha,Keonjhar,10425,1,24.0,1054.0,376.3810018280406,193.73453188456654,1030.0,8344.923168349082
Odisha,Khandamal,10006,1,129.0,1255.0,626.1768906846863,177.71860833478488,1126.0,8084.790284847554
Odisha,Khurda,3409,1,2.0,782.0,58.56425718083437,75.37312107995558,780.0,2755.149663305329
Odisha,Koraput,10737,1,147.0,1454.0,753.2055173902679,216.80125536197667,1307.0,8746.021499073315
Odisha,Malkangiri,7158,1,43.0,1214.0,336.12867672868856,218.05883779509193,1171.0,5849.78047114089
Odisha,Mayurbhanj,13130,1,6.0,1105.0,308.04415073247253,260.8059595959744,1099.0,10484.061753940683
Odisha,Nawapara,4821,1,211.0,973.0,382.15813382318413,150.97480358814263,762.0,3886.874534911887
Odisha,Nawrangpur,6578,1,254.0,858.0,595.8887189958612,82.93725608135678,604.0,5333.147551424423
Odisha,Nayagarh,4844,1,9.0,775.0,177.4154730919373,125.10625835349167,766.0,3911.8384680081745
Odisha,Puri,4414,1,0.0,43.0,6.771457140026999,4.069820887630827,43.0,3572.236409779982
Odisha,Rayagada,9125,1,77.0,1396.0,482.9068705849154,254.07205895257147,1319.0,7408.487158141167
Odisha,Sambalpur,8452,1,106.0,712.0,260.0390677977438,97.63295533110755,606.0,6769.520344444823
Odisha,Sonepur,2939,1,89.0,426.0,141.66771722377848,28.370170148342467,337.0,2362.2788754753806
Odisha,Sundargarh,12230,1,132.0,1071.0,319.76539320549193,134.63183346601286,939.0,9752.790602439549
Uttar Pradesh,Agra,5268,1,114.0,267.0,165.4169646265947,13.779513845069829,153.0,4037.9729695711176
Uttar Pradesh,Aligarh,4939,1,170.0,197.0,185.5814073067909,5.100083286560669,27.0,3755.3451032283497
Uttar Pradesh,Allahabad,6734,1,71.0,357.0,103.0094559614237,19.051749747270193,286.0,5239.200195674956
Uttar Pradesh,Ambedkar Nagar,3016,1,73.0,100.0,89.2650816123585,3.9721532627711453,27.0,2324.3807491100906
Uttar Pradesh,Azamgarh,5066,1,69.0,91.0,80.95990139564732,3.5493906457475575,22.0,3916.6105985972467
Uttar Pradesh,Bagpat,1772,1,208.0,237.0,225.78638458707576,6.215324884557555,29.0,1333.000871903304
Uttar Pradesh,Bahraich,9011,2,102.0,275.0,126.64001179483779,15.20926227363894,173.0,6865.352740623053
Uttar Pradesh,Ballia,3895,1,47.0,74.0,63.49466145892867,4.832028797722905,27.0,3015.8477845568386
Uttar Pradesh,Balrampur,4372,1,91.0,289.0,118.94810868009564,26.892822469932685,198.0,3337.7229194088204
Uttar Pradesh,Banda,5864,1,82.0,363.0,124.20421601030094,17.885380096385934,281.0,4556.082393977632
Uttar Pradesh,Barabanki,5813,1,96.0,131.0,115.25192460436621,6.609647155173176,35.0,4460.7003216567555
Uttar Pradesh,Bareilly,5021,1,154.0,204.0,175.28137320931575,9.241148225436183,50.0,3799.080748222628
Uttar Pradesh,Basti,3779,1,79.0,101.0,89.22420047002595,3.7770053222874522,22.0,2902.281753689133
Uttar Pradesh,Bijnor,5787,1,210.0,409.0,244.72148989129855,26.09351594278454,199.0,4339.260852951083
Uttar Pradesh,Budaun,6718,1,147.0,192.0,171.12648936457032,10.718090685096278,45.0,5099.081322728365
Uttar Pradesh,Bulandshahar,4709,1,175.0,215.0,199.42606655106025,6.9511352881844815,40.0,3566.0899171010033
Uttar Pradesh,Chandauli,3274,1,58.0,359.0,140.39311663494186,92.597662966238,301.0,2550.6377445027015
Uttar Pradesh,Chitrkoot,3977,1,78.0,430.0,163.35505564294542,68.33346156401815,352.0,3096.5990889086406
Uttar Pradesh,Deoria,3317,1,57.0,85.0,74.3095403083069,4.41184407856961,28.0,2556.2848339567836
Uttar Pradesh,Etah,5902,1,147.0,182.0,166.65811421618193,6.634746753261419,35.0,4499.900715441406
Uttar Pradesh,Etawah,3037,1,107.0,158.0,144.0322085554394,9.731069576700163,51.0,2333.6268152839557
Uttar Pradesh,Faizabad,2741,1,85.0,110.0,101.78556923656309,4.6211198391723105,25.0,2108.57209524719
Uttar Pradesh,Farrukhabad,2867,1,132.0,161.0,148.37769772442405,6.469678468610094,29.0,2189.848033508984
Uttar Pradesh,Fatehpur,5410,1,82.0,125.0,113.55050744498858,6.346009218444659,43.0,4188.946572413296
Uttar Pradesh,Firozabad,3141,1,130.0,172.0,161.61228202464466,6.57647677373905,42.0,2404.5490929628677
Uttar Pradesh,Gautam Buddh Nagar,1878,1,185.0,216.0,200.60574866287465,6.1548547636489,31.0,1421.6651411784721
Uttar Pradesh,Ghaziabad,2628,1,194.0,225.0,213.91988426489183,4.404052398809329,31.0,1982.9820577385362
Uttar Pradesh,Ghazipur,4379,1,55.0,81.0,70.71978076474305,4.4408417295919715,26.0,3397.8183158436545
Uttar Pradesh,Gonda,5283,1,86.0,127.0,103.42536741528504,5.222819947717763,41.0,4047.7953904375763
Uttar Pradesh,Gorakhpur,4390,1,65.0,104.0,79.19562454015083,4.130169487620876,39.0,3376.2903639511387
Uttar Pradesh,Hamirpur,5519,1,92.0,179.0,132.33303655337713,15.4381237535348,87.0,4278.4776668572995
Uttar Pradesh,Hardoi,7886,1,115.0,153.0,138.192133662143,6.357503394744291,38.0,6028.934498080679
Uttar Pradesh,Hathras,2339,1,155.0,187.0,176.44124853009018,3.9150943555847597,32.0,1784.1607009794195
Uttar Pradesh,Jalaun,5937,1,98.0,164.0,139.87392588688735,11.929247220014172,66.0,4588.527802797533
Uttar Pradesh,Jaunpur,5218,1,71.0,99.0,86.5303815701962,4.0294825478405665,28.0,4044.6439912651836
Uttar Pradesh,Jhansi,6595,1,120.0,321.0,203.09416745175778,41.462645542229765,201.0,5122.3195835951565
Uttar Pradesh,Jyotiba Phule Nagar,3028,1,186.0,226.0,207.3503049806649,8.999249726801992,40.0,2283.184799239913
Uttar Pradesh,Kannauj,2709,1,124.0,152.0,142.64477935348953,4.6738623174963,28.0,2076.953551957248
Uttar Pradesh,Kanpur Dehat,6578,1,92.0,143.0,130.41216345953785,7.154787332855461,51.0,5069.383186998532
Uttar Pradesh,Kanpur Nagar,1372,1,107.0,135.0,124.6120665374165,4.527982087271008,28.0,1057.7930936630344
Uttar Pradesh,Kaushambi,2632,1,72.0,111.0,100.98279861121054,6.534113480508394,39.0,2044.552019894371
Uttar Pradesh,Kheri,10207,1,116.0,208.0,150.22989631039832,14.26430256559565,92.0,7746.711172207923
Uttar Pradesh,Kushinagar,3784,1,73.0,100.0,85.57780333162684,5.6132435011919855,27.0,2905.001505280108
Uttar Pradesh,Lalitpur,6484,1,252.0,576.0,365.84264562198865,42.435401351290714,324.0,5071.241586980719
Uttar Pradesh,Lucknow,3314,1,106.0,136.0,122.45201471923855,4.966271622544405,30.0,2544.6394736961474
Uttar Pradesh,Maharaj Ganj,3797,1,75.0,119.0,93.73174234456164,7.308383270546603,44.0,2906.1603464141326
Uttar Pradesh,Mahoba,3704,1,125.0,281.0,187.7051384820848,30.82083070407346,156.0,2880.730582110973
Uttar Pradesh,Mainpuri,3546,1,142.0,167.0,155.71873390076124,3.99729551639272,25.0,2714.5819715168
Uttar Pradesh,Mathura,4403,1,156.0,201.0,180.14918746031697,5.776547228109421,45.0,3357.976157233422
Uttar Pradesh,Mau,2674,1,62.0,80.0,73.78998452866534,3.086311452692507,18.0,2067.678593342083
Uttar Pradesh,Meerut,3478,1,204.0,238.0,224.56496499280306,7.084104731312857,34.0,2616.869001266595
Uttar Pradesh,Mirzapur,5809,1,63.0,388.0,160.2530523802113,70.83065052076554,325.0,4531.180073942369
Uttar Pradesh,Moradabad,4827,1,183.0,238.0,201.14213857224718,10.307972129420909,55.0,3640.9577516166178
Uttar Pradesh,Muzzaffarnagar,5429,1,215.0,259.0,241.49305165084365,8.006820539402351,44.0,4068.7317901564425
Uttar Pradesh,Orraiya,2620,1,107.0,150.0,141.27461304668387,5.763040211479349,43.0,2014.9688817036144
Uttar Pradesh,Pilibhit,4766,1,161.0,218.0,182.75099145252364,10.56172527923268,57.0,3602.9876437559665
Uttar Pradesh,Pratapgarh,4812,1,82.0,114.0,99.88525912348187,5.487067534418365,32.0,3725.965123917897
Uttar Pradesh,Raibareli,5999,1,89.0,123.0,113.78803031409048,4.122698405019993,34.0,4630.977065185221
Uttar Pradesh,Rampur,3419,1,173.0,224.0,191.9624648924269,11.444349930987993,51.0,2578.4260256428274
Uttar Pradesh,Saharanpur,5010,1,243.0,821.0,303.5397190906857,94.5858149396485,578.0,3735.6685042159725
Uttar Pradesh,Sant Kabir Nagar,2085,1,73.0,88.0,82.19095097328325,2.7260117823399113,15.0,1601.6740050927492
Uttar Pradesh,Sant Ravidas Nagar,1306,1,64.0,92.0,86.58387875396448,3.6490831474470076,28.0,1015.6897499603441
Uttar Pradesh,Shahjahanpur,6151,1,138.0,189.0,157.3330844865651,8.827870918164324,51.0,4674.764657178191
Uttar Pradesh,Siddharth Nagar,3713,1,80.0,102.0,90.83695419727991,3.9853392983412066,22.0,2840.031586888021
Uttar Pradesh,Sitapur,7595,1,110.0,149.0,131.92768597407147,8.800847721191968,39.0,5796.5589329025925
Uttar Pradesh,Sonbhadra,8680,1,146.0,602.0,305.8659898078471,74.16091559229508,456.0,6802.36741367423
Uttar Pradesh,Sultanpur,5747,1,81.0,115.0,99.66144558477778,6.754024217681346,34.0,4434.678584364353
Uttar Pradesh,Unnao,5996,1,103.0,139.0,123.94726372679231,5.73070100697297,36.0,4613.394158674609
Uttar Pradesh,Varanasi,1999,1,58.0,87.0,80.0796305719987,4.398582210694184,29.0,1554.1367435949878
West Bengal,24 Pargana North,7335,1,0.0,19.0,5.844174813010188,3.251590548271776,19.0,5833.030508614488
West Bengal,24 Pargana South,7043,1,0.0,12.0,4.52249186356232,1.5812423443472086,12.0,5614.953274756221
West Bengal,Bankura,8835,1,20.0,334.0,95.5196464675669,39.679322027556054,314.0,6991.303864420316
West Bengal,Bardhman,8940,1,5.0,186.0,45.17424964902141,36.18360107303292,181.0,7059.153313640009
West Bengal,Birbhum,5794,1,21.0,132.0,53.173250196323124,23.215858289192692,111.0,4556.6476822508
West Bengal,Calcutta,117,1,4.0,17.0,9.034276673456455,2.206901431820526,13.0,92.98452988006137
West Bengal,Coochbehar,4438,1,30.0,77.0,47.817446251356756,10.851529849007315,47.0,3424.1068821919575
West Bengal,Dakshin Dinajpur,2793,1,22.0,42.0,29.392704955681243,2.796017689616791,20.0,2171.8554596941417
West Bengal,Darjeeling,4172,1,74.0,3476.0,909.9285793401515,761.5964826616288,3402.0,3201.3985577987764
West Bengal,Hoogli,3976,1,1.0,46.0,13.616393084802011,5.350342013175938,45.0,3152.27382030614
West Bengal,Howrah,1831,1,0.0,15.0,6.916300114245893,2.5704190217109524,15.0,1455.4700461533585
West Bengal,Jalpaiguri,8105,1,40.0,1763.0,128.12118734635138,124.42267040361949,1723.0,6233.301875121473
West Bengal,Maldah,4651,1,18.0,50.0,28.696527480432206,4.626687269731227,32.0,3623.4422704609483
West Bengal,Medinipur,16944,1,0.0,299.0,34.990827249753245,38.729366026741864,299.0,13491.047402462014
West Bengal,Murshidabad,6830,1,10.0,49.0,21.9785854069212,4.945573486441886,39.0,5362.721809080781
West Bengal,Nadia,4995,1,2.0,27.0,13.799861746651622,3.2478346603493584,25.0,3942.465601753427
West Bengal,Purulia,7929,1,90.0,588.0,226.89729562464217,73.35769012983624,498.0,6267.964672092664
West Bengal,Uttar Dinajpur,4187,1,25.0,95.0,46.339406523231524,15.843373408721623,70.0,3241.745030980699
